file_id,pid,label,label_name,orig_size,mask_pixels
1,100360,1,meningioma,512x512,873
2,100360,1,meningioma,512x512,1656
3,100360,1,meningioma,512x512,2018
4,100360,1,meningioma,512x512,1699
5,100360,1,meningioma,512x512,2148
6,100572,1,meningioma,512x512,419
7,100572,1,meningioma,512x512,453
8,100572,1,meningioma,512x512,431
9,101016,1,meningioma,512x512,643
10,101016,1,meningioma,512x512,701
11,101016,1,meningioma,512x512,1170
12,101016,1,meningioma,512x512,1459
13,101016,1,meningioma,512x512,1527
14,101016,1,meningioma,512x512,1293
15,101016,1,meningioma,512x512,770
16,101127,1,meningioma,512x512,128
17,101127,1,meningioma,512x512,489
18,101127,1,meningioma,512x512,366
19,101127,1,meningioma,512x512,197
20,101797,1,meningioma,512x512,900
21,101797,1,meningioma,512x512,1109
22,101797,1,meningioma,512x512,1219
23,101797,1,meningioma,512x512,1013
24,102420,1,meningioma,512x512,581
25,102420,1,meningioma,512x512,648
26,102446,1,meningioma,512x512,141
27,102675,1,meningioma,512x512,269
28,102714,1,meningioma,512x512,409
29,102714,1,meningioma,512x512,672
30,102714,1,meningioma,512x512,837
31,102714,1,meningioma,512x512,855
32,102929,1,meningioma,512x512,554
33,102929,1,meningioma,512x512,418
34,102935,1,meningioma,512x512,70
35,102985,1,meningioma,512x512,84
36,103673,1,meningioma,512x512,392
37,103673,1,meningioma,512x512,489
38,103673,1,meningioma,512x512,613
39,103673,1,meningioma,512x512,646
40,103673,1,meningioma,512x512,563
41,103673,1,meningioma,512x512,460
42,103925,1,meningioma,512x512,764
43,103925,1,meningioma,512x512,719
44,103925,1,meningioma,512x512,441
45,104167,1,meningioma,512x512,986
46,104167,1,meningioma,512x512,1175
47,104167,1,meningioma,512x512,980
48,104167,1,meningioma,512x512,756
49,104281,1,meningioma,512x512,358
50,104281,1,meningioma,512x512,958
51,104281,1,meningioma,512x512,1108
52,104281,1,meningioma,512x512,1060
53,104281,1,meningioma,512x512,776
54,104281,1,meningioma,512x512,447
55,104281,1,meningioma,512x512,249
56,105374,1,meningioma,512x512,198
57,105374,1,meningioma,512x512,204
58,105555,1,meningioma,512x512,172
59,58392,3,pituitary,512x512,562
60,105937,1,meningioma,512x512,736
61,105937,1,meningioma,512x512,909
62,106284,1,meningioma,512x512,848
63,106284,1,meningioma,512x512,1069
64,106284,1,meningioma,512x512,1120
65,106284,1,meningioma,512x512,1088
66,106284,1,meningioma,512x512,737
67,106442,1,meningioma,512x512,452
68,106442,1,meningioma,512x512,718
69,106442,1,meningioma,512x512,508
70,106442,1,meningioma,512x512,267
71,106534,1,meningioma,512x512,149
72,106534,1,meningioma,512x512,154
73,106665,1,meningioma,512x512,1437
74,106665,1,meningioma,512x512,2023
75,106665,1,meningioma,512x512,2193
76,106665,1,meningioma,512x512,1997
77,106665,1,meningioma,512x512,1598
78,106665,1,meningioma,512x512,1337
79,106665,1,meningioma,512x512,447
80,106720,1,meningioma,512x512,2201
81,106720,1,meningioma,512x512,2252
82,106720,1,meningioma,512x512,2579
83,106720,1,meningioma,512x512,2577
84,106720,1,meningioma,512x512,2293
85,106720,1,meningioma,512x512,1725
86,106720,1,meningioma,512x512,1047
87,106914,1,meningioma,512x512,929
88,106914,1,meningioma,512x512,1238
89,106914,1,meningioma,512x512,1275
90,106914,1,meningioma,512x512,929
91,107190,1,meningioma,512x512,136
92,107190,1,meningioma,512x512,105
93,107248,1,meningioma,512x512,482
94,107248,1,meningioma,512x512,589
95,107248,1,meningioma,512x512,227
96,107248,1,meningioma,512x512,332
97,107248,1,meningioma,512x512,466
98,107248,1,meningioma,512x512,376
99,107494,1,meningioma,512x512,460
100,107494,1,meningioma,512x512,474
101,107494,1,meningioma,512x512,630
102,107494,1,meningioma,512x512,917
103,107494,1,meningioma,512x512,562
104,108514,1,meningioma,512x512,670
105,108514,1,meningioma,512x512,972
106,108514,1,meningioma,512x512,1378
107,108514,1,meningioma,512x512,1571
108,108514,1,meningioma,512x512,1598
109,108514,1,meningioma,512x512,1193
110,108514,1,meningioma,512x512,584
111,108550,1,meningioma,512x512,112
112,108550,1,meningioma,512x512,648
113,108590,1,meningioma,512x512,298
114,108590,1,meningioma,512x512,334
115,108945,1,meningioma,512x512,699
116,108945,1,meningioma,512x512,857
117,108945,1,meningioma,512x512,1983
118,108945,1,meningioma,512x512,643
119,109411,1,meningioma,512x512,94
120,109968,1,meningioma,512x512,957
121,109968,1,meningioma,512x512,1037
122,109968,1,meningioma,512x512,969
123,109968,1,meningioma,512x512,616
124,110116,1,meningioma,512x512,837
125,111077,1,meningioma,512x512,493
126,111077,1,meningioma,512x512,430
127,111077,1,meningioma,512x512,348
128,111366,1,meningioma,512x512,1225
129,111366,1,meningioma,512x512,1419
130,111366,1,meningioma,512x512,1455
131,111366,1,meningioma,512x512,910
132,111532,1,meningioma,512x512,866
133,111532,1,meningioma,512x512,1083
134,111532,1,meningioma,512x512,1144
135,112002,1,meningioma,512x512,906
136,112002,1,meningioma,512x512,1007
137,112002,1,meningioma,512x512,878
138,112002,1,meningioma,512x512,598
139,112062,1,meningioma,512x512,436
140,112062,1,meningioma,512x512,539
141,112062,1,meningioma,512x512,449
142,112252,1,meningioma,512x512,305
143,112252,1,meningioma,512x512,335
144,112552,1,meningioma,512x512,607
145,112552,1,meningioma,512x512,2106
146,112552,1,meningioma,512x512,2729
147,112552,1,meningioma,512x512,2843
148,112552,1,meningioma,512x512,2638
149,112552,1,meningioma,512x512,2037
150,112552,1,meningioma,512x512,1502
151,112648,1,meningioma,512x512,535
152,112648,1,meningioma,512x512,695
153,112648,1,meningioma,512x512,579
154,113435,1,meningioma,512x512,1717
155,113435,1,meningioma,512x512,2357
156,113435,1,meningioma,512x512,2426
157,113435,1,meningioma,512x512,2292
158,113435,1,meningioma,512x512,1863
159,113435,1,meningioma,512x512,1218
160,113554,1,meningioma,512x512,478
161,113554,1,meningioma,512x512,615
162,113554,1,meningioma,512x512,513
163,113805,1,meningioma,512x512,117
164,114018,1,meningioma,512x512,568
165,114018,1,meningioma,512x512,780
166,114018,1,meningioma,512x512,1238
167,114018,1,meningioma,512x512,988
168,114018,1,meningioma,512x512,661
169,114359,1,meningioma,512x512,1171
170,114359,1,meningioma,512x512,1776
171,114359,1,meningioma,512x512,2056
172,114359,1,meningioma,512x512,1896
173,114359,1,meningioma,512x512,1460
174,114359,1,meningioma,512x512,966
175,97607,1,meningioma,512x512,327
176,97607,1,meningioma,512x512,775
177,97607,1,meningioma,512x512,951
178,97607,1,meningioma,512x512,814
179,97607,1,meningioma,512x512,451
180,97737,1,meningioma,512x512,719
181,97737,1,meningioma,512x512,909
182,97737,1,meningioma,512x512,903
183,97737,1,meningioma,512x512,572
184,97875,1,meningioma,512x512,322
185,97875,1,meningioma,512x512,392
186,97875,1,meningioma,512x512,97
187,97943,1,meningioma,512x512,409
188,97943,1,meningioma,512x512,777
189,97943,1,meningioma,512x512,937
190,97943,1,meningioma,512x512,1024
191,97943,1,meningioma,512x512,914
192,98241,1,meningioma,512x512,831
193,98241,1,meningioma,512x512,1509
194,98241,1,meningioma,512x512,2254
195,98241,1,meningioma,512x512,2643
196,98241,1,meningioma,512x512,2503
197,98241,1,meningioma,512x512,1897
198,99017,1,meningioma,512x512,459
199,99017,1,meningioma,512x512,410
200,99089,1,meningioma,512x512,322
201,99089,1,meningioma,512x512,539
202,99089,1,meningioma,512x512,504
203,99288,1,meningioma,512x512,74
204,99308,1,meningioma,512x512,1225
205,99308,1,meningioma,512x512,1701
206,99308,1,meningioma,512x512,1678
207,99308,1,meningioma,512x512,1574
208,99308,1,meningioma,512x512,1168
209,100820,2,glioma,512x512,3104
210,100820,2,glioma,512x512,3174
211,100360,1,meningioma,512x512,881
212,100360,1,meningioma,512x512,1460
213,100360,1,meningioma,512x512,1659
214,100360,1,meningioma,512x512,1799
215,100360,1,meningioma,512x512,1582
216,100360,1,meningioma,512x512,854
217,100360,1,meningioma,512x512,604
218,100572,1,meningioma,512x512,357
219,100572,1,meningioma,512x512,338
220,100572,1,meningioma,512x512,482
221,101016,1,meningioma,512x512,818
222,101016,1,meningioma,512x512,1227
223,101016,1,meningioma,512x512,1419
224,101016,1,meningioma,512x512,1479
225,101016,1,meningioma,512x512,1269
226,101016,1,meningioma,512x512,824
227,101127,1,meningioma,512x512,198
228,101127,1,meningioma,512x512,407
229,101127,1,meningioma,512x512,506
230,101127,1,meningioma,512x512,290
231,101797,1,meningioma,512x512,762
232,101797,1,meningioma,512x512,990
233,101797,1,meningioma,512x512,1193
234,101797,1,meningioma,512x512,1192
235,101797,1,meningioma,512x512,977
236,102420,1,meningioma,512x512,574
237,102420,1,meningioma,512x512,401
238,102420,1,meningioma,512x512,346
239,102446,1,meningioma,512x512,165
240,102675,1,meningioma,512x512,197
241,102675,1,meningioma,512x512,217
242,102714,1,meningioma,512x512,810
243,102714,1,meningioma,512x512,773
244,102714,1,meningioma,512x512,523
245,102714,1,meningioma,512x512,300
246,102929,1,meningioma,512x512,251
247,102929,1,meningioma,512x512,293
248,102929,1,meningioma,512x512,450
249,102929,1,meningioma,512x512,530
250,102929,1,meningioma,512x512,425
251,102929,1,meningioma,512x512,200
252,102935,1,meningioma,512x512,119
253,102985,1,meningioma,512x512,100
254,103673,1,meningioma,512x512,273
255,103673,1,meningioma,512x512,511
256,103673,1,meningioma,512x512,680
257,103673,1,meningioma,512x512,688
258,103673,1,meningioma,512x512,600
259,103673,1,meningioma,512x512,491
260,103673,1,meningioma,512x512,260
261,103925,1,meningioma,512x512,401
262,103925,1,meningioma,512x512,664
263,103925,1,meningioma,512x512,430
264,103925,1,meningioma,512x512,781
265,103925,1,meningioma,512x512,799
266,103925,1,meningioma,512x512,484
267,103925,1,meningioma,512x512,767
268,103925,1,meningioma,512x512,512
269,104167,1,meningioma,512x512,395
270,104167,1,meningioma,512x512,789
271,104167,1,meningioma,512x512,1001
272,104167,1,meningioma,512x512,1043
273,104167,1,meningioma,512x512,768
274,104167,1,meningioma,512x512,527
275,104281,1,meningioma,512x512,572
276,104281,1,meningioma,512x512,1071
277,104281,1,meningioma,512x512,1188
278,104281,1,meningioma,512x512,1126
279,104281,1,meningioma,512x512,819
280,104281,1,meningioma,512x512,577
281,105374,1,meningioma,512x512,283
282,105374,1,meningioma,512x512,267
283,105555,1,meningioma,512x512,126
284,105555,1,meningioma,512x512,188
285,105555,1,meningioma,512x512,119
286,105937,1,meningioma,512x512,453
287,105937,1,meningioma,512x512,661
288,105937,1,meningioma,512x512,724
289,105937,1,meningioma,512x512,533
290,106284,1,meningioma,512x512,1015
291,106284,1,meningioma,512x512,1286
292,106284,1,meningioma,512x512,1270
293,106284,1,meningioma,512x512,974
294,106442,1,meningioma,512x512,540
295,106442,1,meningioma,512x512,717
296,106442,1,meningioma,512x512,689
297,106534,1,meningioma,512x512,200
298,106534,1,meningioma,512x512,201
299,106665,1,meningioma,512x512,1130
300,106665,1,meningioma,512x512,2240
301,106665,1,meningioma,512x512,2233
302,106665,1,meningioma,512x512,2079
303,106665,1,meningioma,512x512,1674
304,106720,1,meningioma,512x512,1747
305,106720,1,meningioma,512x512,2236
306,106720,1,meningioma,512x512,2377
307,106720,1,meningioma,512x512,2248
308,106720,1,meningioma,512x512,1812
309,106720,1,meningioma,512x512,1041
310,106720,1,meningioma,512x512,650
311,106914,1,meningioma,512x512,1163
312,106914,1,meningioma,512x512,1222
313,106914,1,meningioma,512x512,1081
314,106914,1,meningioma,512x512,884
315,107190,1,meningioma,512x512,86
316,107248,1,meningioma,512x512,699
317,107248,1,meningioma,512x512,729
318,107248,1,meningioma,512x512,488
319,107248,1,meningioma,512x512,455
320,107494,1,meningioma,512x512,266
321,107494,1,meningioma,512x512,368
322,107494,1,meningioma,512x512,654
323,107494,1,meningioma,512x512,441
324,107494,1,meningioma,512x512,400
325,107494,1,meningioma,512x512,394
326,108514,1,meningioma,512x512,1212
327,108514,1,meningioma,512x512,1388
328,108514,1,meningioma,512x512,1391
329,108514,1,meningioma,512x512,1382
330,108514,1,meningioma,512x512,1354
331,108514,1,meningioma,512x512,979
332,108550,1,meningioma,512x512,549
333,108550,1,meningioma,512x512,217
334,108590,1,meningioma,512x512,254
335,108590,1,meningioma,512x512,327
336,108945,1,meningioma,512x512,847
337,108945,1,meningioma,512x512,893
338,108945,1,meningioma,512x512,793
339,108945,1,meningioma,512x512,483
340,109411,1,meningioma,512x512,54
341,109968,1,meningioma,512x512,792
342,109968,1,meningioma,512x512,971
343,109968,1,meningioma,512x512,1086
344,109968,1,meningioma,512x512,963
345,110116,1,meningioma,512x512,969
346,110116,1,meningioma,512x512,971
347,110116,1,meningioma,512x512,950
348,110116,1,meningioma,512x512,480
349,111077,1,meningioma,512x512,250
350,111077,1,meningioma,512x512,385
351,111077,1,meningioma,512x512,418
352,111077,1,meningioma,512x512,359
353,111366,1,meningioma,512x512,260
354,111366,1,meningioma,512x512,768
355,111366,1,meningioma,512x512,996
356,111366,1,meningioma,512x512,835
357,111532,1,meningioma,512x512,324
358,111532,1,meningioma,512x512,566
359,111532,1,meningioma,512x512,772
360,111532,1,meningioma,512x512,847
361,111532,1,meningioma,512x512,727
362,112002,1,meningioma,512x512,589
363,112002,1,meningioma,512x512,748
364,112002,1,meningioma,512x512,886
365,112002,1,meningioma,512x512,790
366,112062,1,meningioma,512x512,317
367,112062,1,meningioma,512x512,413
368,112062,1,meningioma,512x512,463
369,112062,1,meningioma,512x512,332
370,112252,1,meningioma,512x512,224
371,112252,1,meningioma,512x512,334
372,112552,1,meningioma,512x512,977
373,112552,1,meningioma,512x512,1645
374,112552,1,meningioma,512x512,1907
375,112552,1,meningioma,512x512,2132
376,112552,1,meningioma,512x512,2348
377,112552,1,meningioma,512x512,2255
378,112552,1,meningioma,512x512,1721
379,112648,1,meningioma,512x512,656
380,112648,1,meningioma,512x512,696
381,112648,1,meningioma,512x512,467
382,113435,1,meningioma,512x512,707
383,113435,1,meningioma,512x512,1226
384,113435,1,meningioma,512x512,1513
385,113435,1,meningioma,512x512,1798
386,113435,1,meningioma,512x512,1838
387,113435,1,meningioma,512x512,1773
388,113435,1,meningioma,512x512,1611
389,113435,1,meningioma,512x512,1354
390,113554,1,meningioma,512x512,243
391,113554,1,meningioma,512x512,511
392,113554,1,meningioma,512x512,270
393,113805,1,meningioma,512x512,69
394,113805,1,meningioma,512x512,70
395,114018,1,meningioma,512x512,712
396,114018,1,meningioma,512x512,1191
397,114018,1,meningioma,512x512,1245
398,114018,1,meningioma,512x512,1043
399,114359,1,meningioma,512x512,1362
400,114359,1,meningioma,512x512,1637
401,114359,1,meningioma,512x512,1753
402,114359,1,meningioma,512x512,1793
403,114359,1,meningioma,512x512,1640
404,114359,1,meningioma,512x512,970
405,97607,1,meningioma,512x512,936
406,97607,1,meningioma,512x512,893
407,97607,1,meningioma,512x512,673
408,97737,1,meningioma,512x512,685
409,97737,1,meningioma,512x512,908
410,97737,1,meningioma,512x512,954
411,97737,1,meningioma,512x512,831
412,97737,1,meningioma,512x512,630
413,97737,1,meningioma,512x512,328
414,97875,1,meningioma,512x512,261
415,97875,1,meningioma,512x512,282
416,97875,1,meningioma,512x512,250
417,97875,1,meningioma,512x512,214
418,97943,1,meningioma,512x512,844
419,97943,1,meningioma,512x512,1112
420,97943,1,meningioma,512x512,1223
421,97943,1,meningioma,512x512,854
422,97943,1,meningioma,512x512,247
423,98241,1,meningioma,512x512,1255
424,98241,1,meningioma,512x512,1740
425,98241,1,meningioma,512x512,2035
426,98241,1,meningioma,512x512,1985
427,98241,1,meningioma,512x512,1744
428,98241,1,meningioma,512x512,1229
429,98241,1,meningioma,512x512,843
430,99017,1,meningioma,512x512,422
431,99017,1,meningioma,512x512,388
432,99089,1,meningioma,512x512,341
433,99089,1,meningioma,512x512,481
434,99089,1,meningioma,512x512,498
435,99089,1,meningioma,512x512,464
436,99089,1,meningioma,512x512,284
437,99288,1,meningioma,512x512,118
438,99308,1,meningioma,512x512,1369
439,99308,1,meningioma,512x512,1617
440,99308,1,meningioma,512x512,1724
441,99308,1,meningioma,512x512,1343
442,100360,1,meningioma,512x512,1103
443,100360,1,meningioma,512x512,1812
444,100360,1,meningioma,512x512,1677
445,100360,1,meningioma,512x512,1692
446,100360,1,meningioma,512x512,1054
447,100360,1,meningioma,512x512,954
448,100572,1,meningioma,512x512,353
449,100572,1,meningioma,512x512,319
450,100639,1,meningioma,512x512,302
451,100639,1,meningioma,512x512,376
452,100920,1,meningioma,512x512,516
453,100920,1,meningioma,512x512,709
454,100920,1,meningioma,512x512,653
455,101016,1,meningioma,512x512,1427
456,101016,1,meningioma,512x512,1608
457,101016,1,meningioma,512x512,1716
458,101016,1,meningioma,512x512,1034
459,101082,1,meningioma,512x512,372
460,101082,1,meningioma,512x512,471
461,101127,1,meningioma,512x512,259
462,101127,1,meningioma,512x512,333
463,101127,1,meningioma,512x512,263
464,101127,1,meningioma,512x512,182
465,101797,1,meningioma,512x512,782
466,101797,1,meningioma,512x512,1063
467,101797,1,meningioma,512x512,1140
468,101797,1,meningioma,512x512,915
469,101797,1,meningioma,512x512,640
470,101797,1,meningioma,512x512,384
471,101801,1,meningioma,512x512,278
472,101801,1,meningioma,512x512,418
473,101801,1,meningioma,512x512,366
474,102420,1,meningioma,512x512,441
475,102420,1,meningioma,512x512,343
476,102446,1,meningioma,512x512,165
477,102446,1,meningioma,512x512,124
478,102675,1,meningioma,512x512,165
479,102675,1,meningioma,512x512,229
480,102714,1,meningioma,512x512,385
481,102714,1,meningioma,512x512,685
482,102714,1,meningioma,512x512,793
483,102714,1,meningioma,512x512,692
484,102714,1,meningioma,512x512,193
485,102818,1,meningioma,512x512,503
486,102818,1,meningioma,512x512,602
487,102818,1,meningioma,512x512,580
488,102818,1,meningioma,512x512,487
489,102935,1,meningioma,512x512,160
490,102960,1,meningioma,512x512,509
491,102960,1,meningioma,512x512,697
492,102960,1,meningioma,512x512,755
493,102960,1,meningioma,512x512,773
494,102960,1,meningioma,512x512,266
495,102985,1,meningioma,512x512,135
496,103673,1,meningioma,512x512,466
497,103673,1,meningioma,512x512,585
498,103673,1,meningioma,512x512,706
499,103673,1,meningioma,512x512,583
500,103673,1,meningioma,512x512,586
501,103925,1,meningioma,512x512,506
502,103925,1,meningioma,512x512,798
503,103925,1,meningioma,512x512,682
504,103925,1,meningioma,512x512,378
505,104167,1,meningioma,512x512,427
506,104167,1,meningioma,512x512,1138
507,104167,1,meningioma,512x512,1427
508,104167,1,meningioma,512x512,1262
509,104167,1,meningioma,512x512,591
510,104281,1,meningioma,512x512,1103
511,104281,1,meningioma,512x512,1421
512,104281,1,meningioma,512x512,1491
513,104281,1,meningioma,512x512,1134
514,104695,1,meningioma,512x512,601
515,104695,1,meningioma,512x512,821
516,104695,1,meningioma,512x512,563
517,105374,1,meningioma,512x512,229
518,105555,1,meningioma,512x512,190
519,105555,1,meningioma,512x512,141
520,105937,1,meningioma,512x512,642
521,105937,1,meningioma,512x512,780
522,105937,1,meningioma,512x512,655
523,106284,1,meningioma,512x512,1409
524,106284,1,meningioma,512x512,1293
525,106284,1,meningioma,512x512,1163
526,106284,1,meningioma,512x512,919
527,106442,1,meningioma,512x512,377
528,106442,1,meningioma,512x512,578
529,106442,1,meningioma,512x512,806
530,106534,1,meningioma,512x512,213
531,106534,1,meningioma,512x512,131
532,106592,1,meningioma,512x512,426
533,106665,1,meningioma,512x512,618
534,106665,1,meningioma,512x512,907
535,106665,1,meningioma,512x512,1682
536,106665,1,meningioma,512x512,2154
537,106665,1,meningioma,512x512,2409
538,106665,1,meningioma,512x512,2439
539,106665,1,meningioma,512x512,1386
540,106720,1,meningioma,512x512,1991
541,106720,1,meningioma,512x512,2689
542,106720,1,meningioma,512x512,2303
543,106914,1,meningioma,512x512,1070
544,106914,1,meningioma,512x512,1170
545,106914,1,meningioma,512x512,1089
546,106914,1,meningioma,512x512,952
547,106914,1,meningioma,512x512,720
548,106914,1,meningioma,512x512,333
549,106914,1,meningioma,512x512,223
550,107190,1,meningioma,512x512,148
551,107248,1,meningioma,512x512,573
552,107248,1,meningioma,512x512,728
553,107248,1,meningioma,512x512,766
554,107248,1,meningioma,512x512,424
555,107248,1,meningioma,512x512,395
556,107494,1,meningioma,512x512,1145
557,107494,1,meningioma,512x512,904
558,107494,1,meningioma,512x512,338
559,107494,1,meningioma,512x512,268
560,107946,1,meningioma,512x512,1377
561,107946,1,meningioma,512x512,2008
562,107946,1,meningioma,512x512,1510
563,107946,1,meningioma,512x512,1059
564,108514,1,meningioma,512x512,1033
565,108514,1,meningioma,512x512,1811
566,108514,1,meningioma,512x512,2072
567,108514,1,meningioma,512x512,1885
568,108514,1,meningioma,512x512,1185
569,108550,1,meningioma,512x512,388
570,108550,1,meningioma,512x512,373
571,108590,1,meningioma,512x512,297
572,108590,1,meningioma,512x512,253
573,108945,1,meningioma,512x512,607
574,108945,1,meningioma,512x512,883
575,108945,1,meningioma,512x512,1058
576,108945,1,meningioma,512x512,846
577,109350,1,meningioma,512x512,51
578,109350,1,meningioma,512x512,67
579,109411,1,meningioma,512x512,91
580,109968,1,meningioma,512x512,638
581,109968,1,meningioma,512x512,962
582,109968,1,meningioma,512x512,1074
583,109968,1,meningioma,512x512,894
584,110808,1,meningioma,512x512,417
585,110808,1,meningioma,512x512,123
586,111077,1,meningioma,512x512,442
587,111077,1,meningioma,512x512,544
588,111077,1,meningioma,512x512,474
589,111366,1,meningioma,512x512,605
590,111366,1,meningioma,512x512,742
591,111366,1,meningioma,512x512,832
592,111366,1,meningioma,512x512,546
593,111532,1,meningioma,512x512,780
594,111532,1,meningioma,512x512,989
595,111532,1,meningioma,512x512,952
596,111696,1,meningioma,512x512,161
597,111710,1,meningioma,512x512,164
598,111710,1,meningioma,512x512,120
599,112002,1,meningioma,512x512,592
600,112002,1,meningioma,512x512,861
601,112002,1,meningioma,512x512,1004
602,112002,1,meningioma,512x512,922
603,112062,1,meningioma,512x512,434
604,112062,1,meningioma,512x512,657
605,112062,1,meningioma,512x512,489
606,112252,1,meningioma,512x512,330
607,112252,1,meningioma,512x512,264
608,112552,1,meningioma,512x512,1964
609,112552,1,meningioma,512x512,2274
610,112552,1,meningioma,512x512,2483
611,112552,1,meningioma,512x512,2501
612,112552,1,meningioma,512x512,2165
613,112552,1,meningioma,512x512,1577
614,112552,1,meningioma,512x512,757
615,112648,1,meningioma,512x512,470
616,112648,1,meningioma,512x512,629
617,112648,1,meningioma,512x512,512
618,112648,1,meningioma,512x512,316
619,112650,1,meningioma,512x512,671
620,112650,1,meningioma,512x512,611
621,113098,1,meningioma,512x512,1049
622,113098,1,meningioma,512x512,1206
623,113098,1,meningioma,512x512,1374
624,113098,1,meningioma,512x512,904
625,113435,1,meningioma,512x512,1539
626,113435,1,meningioma,512x512,2428
627,113435,1,meningioma,512x512,2870
628,113435,1,meningioma,512x512,2911
629,113435,1,meningioma,512x512,2466
630,113435,1,meningioma,512x512,1126
631,113554,1,meningioma,512x512,349
632,113554,1,meningioma,512x512,509
633,113554,1,meningioma,512x512,443
634,113554,1,meningioma,512x512,274
635,113614,1,meningioma,512x512,827
636,113614,1,meningioma,512x512,1115
637,113614,1,meningioma,512x512,1256
638,113614,1,meningioma,512x512,1183
639,113805,1,meningioma,512x512,101
640,113971,1,meningioma,512x512,216
641,113971,1,meningioma,512x512,215
642,114018,1,meningioma,512x512,466
643,114018,1,meningioma,512x512,688
644,114018,1,meningioma,512x512,1083
645,114018,1,meningioma,512x512,1088
646,114018,1,meningioma,512x512,1331
647,114018,1,meningioma,512x512,784
648,114359,1,meningioma,512x512,876
649,114359,1,meningioma,512x512,1360
650,114359,1,meningioma,512x512,1761
651,114359,1,meningioma,512x512,1819
652,114359,1,meningioma,512x512,1551
653,114359,1,meningioma,512x512,1305
654,114359,1,meningioma,512x512,960
655,114417,1,meningioma,512x512,536
656,114417,1,meningioma,512x512,739
657,114417,1,meningioma,512x512,1161
658,114417,1,meningioma,512x512,899
659,97374,1,meningioma,512x512,1367
660,97374,1,meningioma,512x512,1877
661,97374,1,meningioma,512x512,1864
662,97374,1,meningioma,512x512,1479
663,97374,1,meningioma,512x512,1124
664,97607,1,meningioma,512x512,719
665,97607,1,meningioma,512x512,878
666,97607,1,meningioma,512x512,804
667,97607,1,meningioma,512x512,551
668,97737,1,meningioma,512x512,639
669,97737,1,meningioma,512x512,824
670,97737,1,meningioma,512x512,880
671,97737,1,meningioma,512x512,820
672,97737,1,meningioma,512x512,598
673,97793,1,meningioma,512x512,147
674,97875,1,meningioma,512x512,283
675,97943,1,meningioma,512x512,593
676,97943,1,meningioma,512x512,992
677,97943,1,meningioma,512x512,1037
678,97943,1,meningioma,512x512,962
679,97943,1,meningioma,512x512,530
680,98241,1,meningioma,512x512,1632
681,98241,1,meningioma,512x512,1916
682,98241,1,meningioma,512x512,2088
683,98241,1,meningioma,512x512,2061
684,98241,1,meningioma,512x512,1923
685,98241,1,meningioma,512x512,1264
686,99017,1,meningioma,512x512,487
687,99017,1,meningioma,512x512,418
688,99089,1,meningioma,512x512,429
689,99089,1,meningioma,512x512,563
690,99089,1,meningioma,512x512,581
691,99089,1,meningioma,512x512,478
692,99089,1,meningioma,512x512,353
693,99162,1,meningioma,512x512,253
694,99162,1,meningioma,512x512,660
695,99162,1,meningioma,512x512,380
696,99288,1,meningioma,512x512,85
697,99308,1,meningioma,512x512,1322
698,99308,1,meningioma,512x512,1707
699,99308,1,meningioma,512x512,1643
700,99308,1,meningioma,512x512,1128
701,99308,1,meningioma,512x512,930
702,99308,1,meningioma,512x512,622
703,99815,1,meningioma,512x512,919
704,99815,1,meningioma,512x512,1286
705,99815,1,meningioma,512x512,1417
706,99815,1,meningioma,512x512,1430
707,99815,1,meningioma,512x512,1693
708,99815,1,meningioma,512x512,1869
709,105936,3,pituitary,512x512,255
710,105936,3,pituitary,512x512,446
711,105936,3,pituitary,512x512,481
712,106062,3,pituitary,512x512,503
713,106062,3,pituitary,512x512,559
714,106062,3,pituitary,512x512,516
715,100820,2,glioma,512x512,1895
716,100820,2,glioma,512x512,2108
717,100820,2,glioma,512x512,2451
718,101020,2,glioma,512x512,1085
719,101020,2,glioma,512x512,1211
720,101020,2,glioma,512x512,1234
721,101020,2,glioma,512x512,1809
722,102075,2,glioma,512x512,270
723,102075,2,glioma,512x512,383
724,102075,2,glioma,512x512,315
725,103148,2,glioma,512x512,746
726,103148,2,glioma,512x512,979
727,103148,2,glioma,512x512,794
728,103148,2,glioma,512x512,1810
729,106494,2,glioma,512x512,519
730,106494,2,glioma,512x512,962
731,106494,2,glioma,512x512,1222
732,106494,2,glioma,512x512,1180
733,106494,2,glioma,512x512,707
734,106494,2,glioma,512x512,391
735,107747,2,glioma,512x512,641
736,107747,2,glioma,512x512,1229
737,107747,2,glioma,512x512,1376
738,107747,2,glioma,512x512,1439
739,107747,2,glioma,512x512,870
740,112105,2,glioma,512x512,2364
741,112105,2,glioma,512x512,2939
742,112105,2,glioma,512x512,3560
743,112105,2,glioma,512x512,3696
744,112105,2,glioma,512x512,3297
745,112105,2,glioma,512x512,2732
746,112105,2,glioma,512x512,1943
747,100820,2,glioma,512x512,2235
748,100820,2,glioma,512x512,2744
749,100820,2,glioma,512x512,2036
750,100820,2,glioma,512x512,1991
751,100820,2,glioma,512x512,2017
752,100820,2,glioma,512x512,2002
753,101020,2,glioma,512x512,435
754,101020,2,glioma,512x512,1222
755,101020,2,glioma,512x512,698
756,101020,2,glioma,512x512,635
757,101020,2,glioma,512x512,621
758,101020,2,glioma,512x512,885
759,101020,2,glioma,512x512,1009
760,101020,2,glioma,512x512,279
761,102075,2,glioma,512x512,281
762,102075,2,glioma,512x512,363
763,102075,2,glioma,512x512,303
764,103148,2,glioma,512x512,705
765,103148,2,glioma,512x512,614
766,103148,2,glioma,512x512,850
767,103148,2,glioma,512x512,361
768,106494,2,glioma,512x512,272
769,106494,2,glioma,512x512,929
770,106494,2,glioma,512x512,1323
771,106494,2,glioma,512x512,1023
772,106494,2,glioma,512x512,485
773,107747,2,glioma,512x512,1208
774,107747,2,glioma,512x512,778
775,107747,2,glioma,512x512,1083
776,107747,2,glioma,512x512,1379
777,107747,2,glioma,512x512,478
778,107747,2,glioma,512x512,880
779,112027,2,glioma,512x512,1616
780,112027,2,glioma,512x512,155
781,112105,2,glioma,512x512,987
782,112105,2,glioma,512x512,1266
783,112105,2,glioma,512x512,868
784,112105,2,glioma,512x512,2394
785,112105,2,glioma,512x512,2789
786,112105,2,glioma,512x512,3237
787,112105,2,glioma,512x512,2956
788,112105,2,glioma,512x512,3204
789,112105,2,glioma,512x512,2683
790,112105,2,glioma,512x512,1911
791,112105,2,glioma,512x512,1198
792,88670,2,glioma,512x512,1343
793,88670,2,glioma,512x512,3387
794,88670,2,glioma,512x512,2519
795,88670,2,glioma,512x512,2892
796,88670,2,glioma,512x512,2934
797,88670,2,glioma,512x512,2181
798,88670,2,glioma,512x512,853
799,90284,2,glioma,512x512,350
800,90284,2,glioma,512x512,607
801,90284,2,glioma,512x512,809
802,90284,2,glioma,512x512,1880
803,90284,2,glioma,512x512,1298
804,90284,2,glioma,512x512,1829
805,90284,2,glioma,512x512,1607
806,90284,2,glioma,512x512,314
807,92897,2,glioma,512x512,841
808,92897,2,glioma,512x512,225
809,93825,2,glioma,512x512,509
810,93825,2,glioma,512x512,589
811,93825,2,glioma,512x512,692
812,97609,2,glioma,512x512,1436
813,97609,2,glioma,512x512,1867
814,97609,2,glioma,512x512,2008
815,97609,2,glioma,512x512,2253
816,97609,2,glioma,512x512,2321
817,97609,2,glioma,512x512,1588
818,100416,2,glioma,512x512,232
819,100416,2,glioma,512x512,558
820,100416,2,glioma,512x512,571
821,100416,2,glioma,512x512,317
822,100820,2,glioma,512x512,262
823,100820,2,glioma,512x512,404
824,100820,2,glioma,512x512,2596
825,100820,2,glioma,512x512,665
826,100820,2,glioma,512x512,486
827,100820,2,glioma,512x512,302
828,101020,2,glioma,512x512,225
829,101020,2,glioma,512x512,1858
830,101020,2,glioma,512x512,901
831,101020,2,glioma,512x512,959
832,101020,2,glioma,512x512,822
833,101020,2,glioma,512x512,424
834,101384,2,glioma,512x512,1055
835,101384,2,glioma,512x512,1341
836,101384,2,glioma,512x512,655
837,102075,2,glioma,512x512,327
838,102075,2,glioma,512x512,348
839,102075,2,glioma,512x512,335
840,103148,2,glioma,512x512,765
841,103148,2,glioma,512x512,552
842,103148,2,glioma,512x512,498
843,103148,2,glioma,512x512,336
844,105653,2,glioma,512x512,353
845,105653,2,glioma,512x512,385
846,106494,2,glioma,512x512,217
847,106494,2,glioma,512x512,601
848,106494,2,glioma,512x512,907
849,106494,2,glioma,512x512,1352
850,106494,2,glioma,512x512,1107
851,106494,2,glioma,512x512,471
852,106494,2,glioma,512x512,292
853,107747,2,glioma,512x512,834
854,107747,2,glioma,512x512,873
855,107747,2,glioma,512x512,1038
856,107747,2,glioma,512x512,1172
857,108479,2,glioma,512x512,987
858,108479,2,glioma,512x512,1225
859,112105,2,glioma,512x512,2476
860,112105,2,glioma,512x512,3211
861,112105,2,glioma,512x512,3946
862,112105,2,glioma,512x512,4032
863,112105,2,glioma,512x512,2876
864,112105,2,glioma,512x512,2635
865,88670,2,glioma,512x512,1257
866,88670,2,glioma,512x512,2507
867,88670,2,glioma,512x512,2667
868,88670,2,glioma,512x512,3422
869,88670,2,glioma,512x512,3771
870,90284,2,glioma,512x512,382
871,90284,2,glioma,512x512,607
872,90284,2,glioma,512x512,207
873,90284,2,glioma,512x512,732
874,90284,2,glioma,512x512,657
875,90284,2,glioma,512x512,770
876,90284,2,glioma,512x512,899
877,90284,2,glioma,512x512,1143
878,90284,2,glioma,512x512,488
879,90284,2,glioma,512x512,375
880,90284,2,glioma,512x512,262
881,92897,2,glioma,512x512,317
882,92897,2,glioma,512x512,1060
883,93329,2,glioma,512x512,1035
884,93329,2,glioma,512x512,1341
885,93329,2,glioma,512x512,1657
886,93329,2,glioma,512x512,1759
887,93329,2,glioma,512x512,1605
888,93825,2,glioma,512x512,1144
889,93825,2,glioma,512x512,896
890,93825,2,glioma,512x512,896
891,93825,2,glioma,512x512,745
892,94731,2,glioma,512x512,323
893,94731,2,glioma,512x512,337
894,94731,2,glioma,512x512,277
895,95142,2,glioma,512x512,337
896,95142,2,glioma,512x512,475
897,95142,2,glioma,512x512,366
898,95142,2,glioma,512x512,1944
899,95142,2,glioma,512x512,1636
900,95142,2,glioma,512x512,2207
901,95142,2,glioma,512x512,1925
902,95142,2,glioma,512x512,1932
903,95142,2,glioma,512x512,1829
904,96587,2,glioma,512x512,696
905,96587,2,glioma,512x512,1399
906,96587,2,glioma,512x512,2513
907,96587,2,glioma,512x512,2639
908,97609,2,glioma,512x512,3068
909,97609,2,glioma,512x512,3465
910,97609,2,glioma,512x512,2440
911,97609,2,glioma,512x512,2917
912,98889,2,glioma,512x512,231
913,98889,2,glioma,512x512,900
914,98889,2,glioma,512x512,881
915,98889,2,glioma,512x512,1613
916,98889,2,glioma,512x512,1639
917,98889,2,glioma,512x512,1879
918,105936,3,pituitary,512x512,202
919,105936,3,pituitary,512x512,146
920,105936,3,pituitary,512x512,196
921,105936,3,pituitary,512x512,159
922,106062,3,pituitary,512x512,659
923,106062,3,pituitary,512x512,708
924,106062,3,pituitary,512x512,690
925,106062,3,pituitary,512x512,493
926,107495,3,pituitary,512x512,248
927,107495,3,pituitary,512x512,373
928,107495,3,pituitary,512x512,381
929,107495,3,pituitary,512x512,314
930,107495,3,pituitary,512x512,294
931,107495,3,pituitary,512x512,239
932,107495,3,pituitary,512x512,168
933,107429,3,pituitary,512x512,720
934,107429,3,pituitary,512x512,798
935,107429,3,pituitary,512x512,740
936,107429,3,pituitary,512x512,655
937,107429,3,pituitary,512x512,599
938,107429,3,pituitary,512x512,452
939,107505,3,pituitary,512x512,359
940,107505,3,pituitary,512x512,408
941,107505,3,pituitary,512x512,439
942,107505,3,pituitary,512x512,422
943,107505,3,pituitary,512x512,308
944,107505,3,pituitary,512x512,244
945,107505,3,pituitary,512x512,182
946,107743,3,pituitary,512x512,273
947,107743,3,pituitary,512x512,384
948,107743,3,pituitary,512x512,470
949,107743,3,pituitary,512x512,265
950,108858,3,pituitary,512x512,214
951,108858,3,pituitary,512x512,373
952,108858,3,pituitary,512x512,284
953,108858,3,pituitary,512x512,162
954,108858,3,pituitary,512x512,125
955,108931,3,pituitary,256x256,213
956,108931,3,pituitary,256x256,366
957,108931,3,pituitary,256x256,393
958,109471,3,pituitary,512x512,343
959,109471,3,pituitary,512x512,325
960,109471,3,pituitary,512x512,395
961,109471,3,pituitary,512x512,405
962,109769,3,pituitary,512x512,278
963,109769,3,pituitary,512x512,291
964,109769,3,pituitary,512x512,337
965,109769,3,pituitary,512x512,115
966,109898,3,pituitary,512x512,351
967,109898,3,pituitary,512x512,370
968,109898,3,pituitary,512x512,621
969,109898,3,pituitary,512x512,504
970,109898,3,pituitary,512x512,271
971,109898,3,pituitary,512x512,161
972,110518,3,pituitary,512x512,154
973,110518,3,pituitary,512x512,215
974,110537,3,pituitary,512x512,101
975,110537,3,pituitary,512x512,343
976,110993,3,pituitary,512x512,406
977,110993,3,pituitary,512x512,282
978,110993,3,pituitary,512x512,250
979,110993,3,pituitary,512x512,436
980,111075,3,pituitary,512x512,289
981,111075,3,pituitary,512x512,566
982,111075,3,pituitary,512x512,689
983,111075,3,pituitary,512x512,303
984,111075,3,pituitary,512x512,264
985,111075,3,pituitary,512x512,291
986,111125,3,pituitary,512x512,206
987,111125,3,pituitary,512x512,269
988,111125,3,pituitary,512x512,311
989,111125,3,pituitary,512x512,282
990,111785,3,pituitary,512x512,358
991,111785,3,pituitary,512x512,302
992,111785,3,pituitary,512x512,243
993,111785,3,pituitary,512x512,234
994,112074,3,pituitary,512x512,493
995,112074,3,pituitary,512x512,649
996,112074,3,pituitary,512x512,500
997,112074,3,pituitary,512x512,308
998,112649,3,pituitary,512x512,281
999,112649,3,pituitary,512x512,275
1000,112649,3,pituitary,512x512,294
1001,112649,3,pituitary,512x512,336
1002,112649,3,pituitary,512x512,263
1003,112746,3,pituitary,512x512,313
1004,112746,3,pituitary,512x512,279
1005,112746,3,pituitary,512x512,222
1006,112847,3,pituitary,512x512,293
1007,112847,3,pituitary,512x512,275
1008,112847,3,pituitary,512x512,387
1009,112847,3,pituitary,512x512,288
1010,113274,3,pituitary,512x512,231
1011,113274,3,pituitary,512x512,256
1012,113274,3,pituitary,512x512,252
1013,113741,3,pituitary,512x512,219
1014,113741,3,pituitary,512x512,249
1015,114040,3,pituitary,512x512,359
1016,114040,3,pituitary,512x512,307
1017,114040,3,pituitary,512x512,315
1018,114361,3,pituitary,512x512,473
1019,114361,3,pituitary,512x512,596
1020,114361,3,pituitary,512x512,615
1021,114094,3,pituitary,512x512,941
1022,114094,3,pituitary,512x512,692
1023,114094,3,pituitary,512x512,693
1024,114094,3,pituitary,512x512,385
1025,101017,3,pituitary,512x512,314
1026,101017,3,pituitary,512x512,377
1027,101017,3,pituitary,512x512,398
1028,101017,3,pituitary,512x512,168
1029,101017,3,pituitary,512x512,88
1030,101029,3,pituitary,512x512,383
1031,101029,3,pituitary,512x512,541
1032,101029,3,pituitary,512x512,511
1033,101029,3,pituitary,512x512,444
1034,105936,3,pituitary,512x512,83
1035,106062,3,pituitary,512x512,699
1036,106062,3,pituitary,512x512,1004
1037,106062,3,pituitary,512x512,1090
1038,106062,3,pituitary,512x512,1031
1039,106062,3,pituitary,512x512,888
1040,106062,3,pituitary,512x512,797
1041,106062,3,pituitary,512x512,324
1042,107495,3,pituitary,512x512,474
1043,107495,3,pituitary,512x512,565
1044,107495,3,pituitary,512x512,580
1045,107495,3,pituitary,512x512,530
1046,107495,3,pituitary,512x512,518
1047,107429,3,pituitary,512x512,762
1048,107429,3,pituitary,512x512,1010
1049,107429,3,pituitary,512x512,1293
1050,107429,3,pituitary,512x512,1393
1051,107429,3,pituitary,512x512,1257
1052,107429,3,pituitary,512x512,1048
1053,107429,3,pituitary,512x512,668
1054,107505,3,pituitary,512x512,647
1055,107505,3,pituitary,512x512,665
1056,107505,3,pituitary,512x512,991
1057,107505,3,pituitary,512x512,684
1058,107505,3,pituitary,512x512,310
1059,107743,3,pituitary,512x512,701
1060,107743,3,pituitary,512x512,693
1061,107743,3,pituitary,512x512,327
1062,107743,3,pituitary,512x512,472
1063,107743,3,pituitary,512x512,501
1064,107743,3,pituitary,512x512,93
1065,108858,3,pituitary,512x512,357
1066,108858,3,pituitary,512x512,362
1067,108858,3,pituitary,512x512,353
1068,108858,3,pituitary,512x512,183
1069,108858,3,pituitary,512x512,304
1070,108931,3,pituitary,256x256,227
1071,108931,3,pituitary,256x256,260
1072,108931,3,pituitary,256x256,270
1073,108931,3,pituitary,256x256,275
1074,108931,3,pituitary,256x256,1149
1075,108931,3,pituitary,256x256,1363
1076,108931,3,pituitary,256x256,1468
1077,109471,3,pituitary,512x512,260
1078,109471,3,pituitary,512x512,757
1079,109471,3,pituitary,512x512,802
1080,109471,3,pituitary,512x512,905
1081,109471,3,pituitary,512x512,925
1082,109471,3,pituitary,512x512,193
1083,109769,3,pituitary,512x512,386
1084,109769,3,pituitary,512x512,249
1085,109769,3,pituitary,512x512,356
1086,109769,3,pituitary,512x512,187
1087,109769,3,pituitary,512x512,879
1088,109898,3,pituitary,512x512,735
1089,109898,3,pituitary,512x512,786
1090,109898,3,pituitary,512x512,837
1091,109898,3,pituitary,512x512,826
1092,109898,3,pituitary,512x512,539
1093,109898,3,pituitary,512x512,391
1094,110518,3,pituitary,512x512,289
1095,110518,3,pituitary,512x512,364
1096,110518,3,pituitary,512x512,376
1097,110518,3,pituitary,512x512,254
1098,110518,3,pituitary,512x512,306
1099,110518,3,pituitary,512x512,876
1100,110537,3,pituitary,512x512,192
1101,110537,3,pituitary,512x512,168
1102,110537,3,pituitary,512x512,246
1103,110537,3,pituitary,512x512,685
1104,110537,3,pituitary,512x512,1213
1105,110537,3,pituitary,512x512,1350
1106,110537,3,pituitary,512x512,1166
1107,110993,3,pituitary,512x512,310
1108,110993,3,pituitary,512x512,297
1109,110993,3,pituitary,512x512,322
1110,110993,3,pituitary,512x512,381
1111,110993,3,pituitary,512x512,418
1112,111075,3,pituitary,512x512,444
1113,111075,3,pituitary,512x512,333
1114,111075,3,pituitary,512x512,517
1115,111075,3,pituitary,512x512,102
1116,111075,3,pituitary,512x512,197
1117,111075,3,pituitary,512x512,113
1118,111125,3,pituitary,512x512,349
1119,111125,3,pituitary,512x512,459
1120,111125,3,pituitary,512x512,451
1121,111125,3,pituitary,512x512,141
1122,111125,3,pituitary,512x512,504
1123,111125,3,pituitary,512x512,408
1124,111785,3,pituitary,512x512,453
1125,111785,3,pituitary,512x512,499
1126,111785,3,pituitary,512x512,438
1127,111785,3,pituitary,512x512,402
1128,111785,3,pituitary,512x512,389
1129,112074,3,pituitary,512x512,434
1130,112074,3,pituitary,512x512,679
1131,112074,3,pituitary,512x512,760
1132,112074,3,pituitary,512x512,555
1133,112074,3,pituitary,512x512,482
1134,112649,3,pituitary,512x512,279
1135,112649,3,pituitary,512x512,341
1136,112649,3,pituitary,512x512,382
1137,112649,3,pituitary,512x512,424
1138,112649,3,pituitary,512x512,240
1139,112649,3,pituitary,512x512,285
1140,112746,3,pituitary,512x512,349
1141,112746,3,pituitary,512x512,376
1142,112746,3,pituitary,512x512,265
1143,112746,3,pituitary,512x512,525
1144,112847,3,pituitary,512x512,339
1145,112847,3,pituitary,512x512,417
1146,112847,3,pituitary,512x512,417
1147,112847,3,pituitary,512x512,336
1148,113274,3,pituitary,512x512,297
1149,113274,3,pituitary,512x512,290
1150,113274,3,pituitary,512x512,199
1151,113741,3,pituitary,512x512,210
1152,113741,3,pituitary,512x512,205
1153,113741,3,pituitary,512x512,365
1154,114040,3,pituitary,512x512,355
1155,114040,3,pituitary,512x512,352
1156,114040,3,pituitary,512x512,362
1157,114361,3,pituitary,512x512,483
1158,114361,3,pituitary,512x512,813
1159,114361,3,pituitary,512x512,801
1160,114361,3,pituitary,512x512,487
1161,114094,3,pituitary,512x512,617
1162,114094,3,pituitary,512x512,775
1163,114094,3,pituitary,512x512,835
1164,114094,3,pituitary,512x512,1154
1165,114094,3,pituitary,512x512,1014
1166,105936,3,pituitary,512x512,237
1167,105936,3,pituitary,512x512,226
1168,105936,3,pituitary,512x512,208
1169,106062,3,pituitary,512x512,704
1170,106062,3,pituitary,512x512,824
1171,106062,3,pituitary,512x512,985
1172,106062,3,pituitary,512x512,984
1173,106062,3,pituitary,512x512,942
1174,106062,3,pituitary,512x512,817
1175,106062,3,pituitary,512x512,440
1176,107495,3,pituitary,512x512,172
1177,107495,3,pituitary,512x512,438
1178,107495,3,pituitary,512x512,518
1179,107495,3,pituitary,512x512,481
1180,107495,3,pituitary,512x512,361
1181,107495,3,pituitary,512x512,204
1182,107429,3,pituitary,512x512,363
1183,107429,3,pituitary,512x512,767
1184,107429,3,pituitary,512x512,868
1185,107429,3,pituitary,512x512,1000
1186,107429,3,pituitary,512x512,1057
1187,107429,3,pituitary,512x512,977
1188,107429,3,pituitary,512x512,826
1189,107505,3,pituitary,512x512,237
1190,107505,3,pituitary,512x512,601
1191,107505,3,pituitary,512x512,441
1192,107505,3,pituitary,512x512,463
1193,107505,3,pituitary,512x512,411
1194,107743,3,pituitary,512x512,260
1195,107743,3,pituitary,512x512,279
1196,107743,3,pituitary,512x512,322
1197,107743,3,pituitary,512x512,310
1198,108858,3,pituitary,512x512,165
1199,108858,3,pituitary,512x512,216
1200,108858,3,pituitary,512x512,268
1201,108858,3,pituitary,512x512,223
1202,108858,3,pituitary,512x512,209
1203,108931,3,pituitary,256x256,172
1204,108931,3,pituitary,256x256,188
1205,108931,3,pituitary,256x256,184
1206,108931,3,pituitary,256x256,147
1207,108931,3,pituitary,256x256,135
1208,109471,3,pituitary,512x512,258
1209,109471,3,pituitary,512x512,680
1210,109471,3,pituitary,512x512,703
1211,109471,3,pituitary,512x512,716
1212,109471,3,pituitary,512x512,668
1213,109471,3,pituitary,512x512,581
1214,109769,3,pituitary,512x512,226
1215,109769,3,pituitary,512x512,175
1216,109769,3,pituitary,512x512,274
1217,109769,3,pituitary,512x512,233
1218,109769,3,pituitary,512x512,142
1219,109898,3,pituitary,512x512,358
1220,109898,3,pituitary,512x512,389
1221,109898,3,pituitary,512x512,540
1222,110518,3,pituitary,512x512,354
1223,110518,3,pituitary,512x512,342
1224,110518,3,pituitary,512x512,284
1225,110518,3,pituitary,512x512,233
1226,110537,3,pituitary,512x512,120
1227,110537,3,pituitary,512x512,134
1228,110537,3,pituitary,512x512,126
1229,110537,3,pituitary,512x512,102
1230,110993,3,pituitary,512x512,568
1231,110993,3,pituitary,512x512,172
1232,110993,3,pituitary,512x512,145
1233,111075,3,pituitary,512x512,250
1234,111075,3,pituitary,512x512,193
1235,111075,3,pituitary,512x512,224
1236,111075,3,pituitary,512x512,204
1237,111075,3,pituitary,512x512,204
1238,111125,3,pituitary,512x512,313
1239,111125,3,pituitary,512x512,294
1240,111125,3,pituitary,512x512,293
1241,111125,3,pituitary,512x512,281
1242,111785,3,pituitary,512x512,260
1243,111785,3,pituitary,512x512,361
1244,111785,3,pituitary,512x512,376
1245,111785,3,pituitary,512x512,259
1246,112074,3,pituitary,512x512,304
1247,112074,3,pituitary,512x512,528
1248,112074,3,pituitary,512x512,587
1249,112074,3,pituitary,512x512,546
1250,112074,3,pituitary,512x512,403
1251,112649,3,pituitary,512x512,240
1252,112649,3,pituitary,512x512,280
1253,112649,3,pituitary,512x512,305
1254,112649,3,pituitary,512x512,268
1255,112649,3,pituitary,512x512,182
1256,112746,3,pituitary,512x512,168
1257,112746,3,pituitary,512x512,195
1258,112746,3,pituitary,512x512,221
1259,112746,3,pituitary,512x512,176
1260,112746,3,pituitary,512x512,244
1261,112847,3,pituitary,512x512,218
1262,112847,3,pituitary,512x512,235
1263,112847,3,pituitary,512x512,323
1264,112847,3,pituitary,512x512,266
1265,112847,3,pituitary,512x512,198
1266,113274,3,pituitary,512x512,62
1267,113274,3,pituitary,512x512,91
1268,113274,3,pituitary,512x512,120
1269,113274,3,pituitary,512x512,138
1270,113741,3,pituitary,512x512,78
1271,113741,3,pituitary,512x512,65
1272,113741,3,pituitary,512x512,63
1273,114040,3,pituitary,512x512,260
1274,114040,3,pituitary,512x512,294
1275,114040,3,pituitary,512x512,291
1276,114361,3,pituitary,512x512,662
1277,114361,3,pituitary,512x512,729
1278,114361,3,pituitary,512x512,698
1279,114094,3,pituitary,512x512,983
1280,114094,3,pituitary,512x512,1191
1281,114094,3,pituitary,512x512,1074
1282,114094,3,pituitary,512x512,742
1283,101029,3,pituitary,512x512,309
1284,101029,3,pituitary,512x512,231
1285,101145,3,pituitary,512x512,107
1286,101145,3,pituitary,512x512,112
1287,101145,3,pituitary,512x512,68
1288,101145,3,pituitary,512x512,183
1289,101305,3,pituitary,512x512,196
1290,101305,3,pituitary,512x512,208
1291,101305,3,pituitary,512x512,214
1292,101305,3,pituitary,512x512,212
1293,101724,3,pituitary,512x512,269
1294,101724,3,pituitary,512x512,279
1295,102648,3,pituitary,512x512,356
1296,102648,3,pituitary,512x512,509
1297,102648,3,pituitary,512x512,471
1298,102648,3,pituitary,512x512,348
1299,102648,3,pituitary,512x512,240
1300,102648,3,pituitary,512x512,127
1301,103046,3,pituitary,512x512,182
1302,103046,3,pituitary,512x512,182
1303,103046,3,pituitary,512x512,217
1304,103257,3,pituitary,512x512,492
1305,103257,3,pituitary,512x512,492
1306,103257,3,pituitary,512x512,315
1307,103257,3,pituitary,512x512,267
1308,103257,3,pituitary,512x512,323
1309,103257,3,pituitary,512x512,241
1310,103478,3,pituitary,512x512,501
1311,103478,3,pituitary,512x512,584
1312,103478,3,pituitary,512x512,457
1313,103478,3,pituitary,512x512,340
1314,103478,3,pituitary,512x512,350
1315,103478,3,pituitary,512x512,342
1316,103478,3,pituitary,512x512,245
1317,103582,3,pituitary,512x512,424
1318,103582,3,pituitary,512x512,388
1319,103582,3,pituitary,512x512,440
1320,103582,3,pituitary,512x512,277
1321,103582,3,pituitary,512x512,181
1322,103582,3,pituitary,512x512,138
1323,103670,3,pituitary,512x512,87
1324,103670,3,pituitary,512x512,164
1325,103670,3,pituitary,512x512,125
1326,103671,3,pituitary,512x512,308
1327,103671,3,pituitary,512x512,249
1328,103671,3,pituitary,512x512,274
1329,103671,3,pituitary,512x512,285
1330,103731,3,pituitary,512x512,212
1331,103731,3,pituitary,512x512,183
1332,103731,3,pituitary,512x512,219
1333,103731,3,pituitary,512x512,307
1334,103731,3,pituitary,512x512,327
1335,103731,3,pituitary,512x512,417
1336,103731,3,pituitary,512x512,421
1337,103731,3,pituitary,512x512,349
1338,103731,3,pituitary,512x512,298
1339,103731,3,pituitary,512x512,257
1340,103837,3,pituitary,512x512,361
1341,103837,3,pituitary,512x512,435
1342,103837,3,pituitary,512x512,529
1343,103837,3,pituitary,512x512,303
1344,103837,3,pituitary,512x512,231
1345,103837,3,pituitary,512x512,313
1346,103837,3,pituitary,512x512,193
1347,103837,3,pituitary,512x512,199
1348,104019,3,pituitary,512x512,79
1349,104019,3,pituitary,512x512,122
1350,104019,3,pituitary,512x512,96
1351,104019,3,pituitary,512x512,84
1352,104558,3,pituitary,512x512,598
1353,104558,3,pituitary,512x512,854
1354,104558,3,pituitary,512x512,984
1355,104558,3,pituitary,512x512,1017
1356,104558,3,pituitary,512x512,1124
1357,104558,3,pituitary,512x512,1260
1358,104558,3,pituitary,512x512,1110
1359,104558,3,pituitary,512x512,732
1360,104684,3,pituitary,512x512,433
1361,104684,3,pituitary,512x512,580
1362,104684,3,pituitary,512x512,626
1363,104684,3,pituitary,512x512,707
1364,104684,3,pituitary,512x512,654
1365,104684,3,pituitary,512x512,675
1366,104684,3,pituitary,512x512,548
1367,104684,3,pituitary,512x512,396
1368,104684,3,pituitary,512x512,249
1369,104912,3,pituitary,512x512,178
1370,104912,3,pituitary,512x512,444
1371,104912,3,pituitary,512x512,368
1372,104912,3,pituitary,512x512,261
1373,104912,3,pituitary,512x512,254
1374,105187,3,pituitary,512x512,190
1375,105187,3,pituitary,512x512,228
1376,105187,3,pituitary,512x512,153
1377,105187,3,pituitary,512x512,100
1378,105475,3,pituitary,512x512,160
1379,105475,3,pituitary,512x512,111
1380,105538,3,pituitary,512x512,520
1381,105538,3,pituitary,512x512,156
1382,105538,3,pituitary,512x512,160
1383,105638,3,pituitary,512x512,193
1384,105638,3,pituitary,512x512,248
1385,105638,3,pituitary,512x512,197
1386,97416,3,pituitary,512x512,196
1387,97416,3,pituitary,512x512,258
1388,97416,3,pituitary,512x512,393
1389,97416,3,pituitary,512x512,268
1390,97416,3,pituitary,512x512,555
1391,97416,3,pituitary,512x512,513
1392,97416,3,pituitary,512x512,410
1393,97416,3,pituitary,512x512,274
1394,97416,3,pituitary,512x512,175
1395,97461,3,pituitary,512x512,302
1396,97461,3,pituitary,512x512,412
1397,97461,3,pituitary,512x512,791
1398,97461,3,pituitary,512x512,773
1399,97461,3,pituitary,512x512,720
1400,97461,3,pituitary,512x512,513
1401,97461,3,pituitary,512x512,404
1402,97461,3,pituitary,512x512,290
1403,97461,3,pituitary,512x512,180
1404,97481,3,pituitary,512x512,355
1405,97481,3,pituitary,512x512,275
1406,97481,3,pituitary,512x512,219
1407,97481,3,pituitary,512x512,199
1408,97599,3,pituitary,512x512,74
1409,97599,3,pituitary,512x512,131
1410,97890,3,pituitary,512x512,246
1411,97890,3,pituitary,512x512,221
1412,97890,3,pituitary,512x512,153
1413,97890,3,pituitary,512x512,76
1414,98472,3,pituitary,512x512,249
1415,98472,3,pituitary,512x512,335
1416,98472,3,pituitary,512x512,216
1417,98472,3,pituitary,512x512,213
1418,98472,3,pituitary,512x512,258
1419,98472,3,pituitary,512x512,234
1420,98472,3,pituitary,512x512,187
1421,98652,3,pituitary,512x512,193
1422,98652,3,pituitary,512x512,225
1423,98652,3,pituitary,512x512,214
1424,98871,3,pituitary,512x512,327
1425,98871,3,pituitary,512x512,364
1426,98871,3,pituitary,512x512,334
1427,98871,3,pituitary,512x512,361
1428,98871,3,pituitary,512x512,358
1429,98871,3,pituitary,512x512,232
1430,98874,3,pituitary,512x512,296
1431,98874,3,pituitary,512x512,314
1432,98874,3,pituitary,512x512,180
1433,98874,3,pituitary,512x512,236
1434,98874,3,pituitary,512x512,160
1435,98992,3,pituitary,512x512,586
1436,98992,3,pituitary,512x512,756
1437,98992,3,pituitary,512x512,610
1438,98992,3,pituitary,512x512,549
1439,98992,3,pituitary,512x512,717
1440,98992,3,pituitary,512x512,500
1441,98992,3,pituitary,512x512,159
1442,98995,3,pituitary,512x512,430
1443,98995,3,pituitary,512x512,519
1444,98995,3,pituitary,512x512,445
1445,98995,3,pituitary,512x512,505
1446,98995,3,pituitary,512x512,386
1447,99223,3,pituitary,512x512,149
1448,99223,3,pituitary,512x512,291
1449,99223,3,pituitary,512x512,323
1450,99223,3,pituitary,512x512,351
1451,99223,3,pituitary,512x512,370
1452,99223,3,pituitary,512x512,365
1453,99223,3,pituitary,512x512,257
1454,99223,3,pituitary,512x512,224
1455,99223,3,pituitary,512x512,192
1456,101017,3,pituitary,512x512,266
1457,101017,3,pituitary,512x512,323
1458,101017,3,pituitary,512x512,343
1459,101017,3,pituitary,512x512,398
1460,101017,3,pituitary,512x512,419
1461,101017,3,pituitary,512x512,464
1462,101029,3,pituitary,512x512,449
1463,101029,3,pituitary,512x512,638
1464,101029,3,pituitary,512x512,684
1465,101029,3,pituitary,512x512,690
1466,101029,3,pituitary,512x512,562
1467,101029,3,pituitary,512x512,425
1468,101145,3,pituitary,512x512,268
1469,101145,3,pituitary,512x512,132
1470,101145,3,pituitary,512x512,130
1471,101145,3,pituitary,512x512,83
1472,101305,3,pituitary,512x512,139
1473,101305,3,pituitary,512x512,143
1474,101305,3,pituitary,512x512,122
1475,101305,3,pituitary,512x512,76
1476,101305,3,pituitary,512x512,133
1477,101305,3,pituitary,512x512,157
1478,101305,3,pituitary,512x512,134
1479,101305,3,pituitary,512x512,93
1480,101724,3,pituitary,512x512,265
1481,101724,3,pituitary,512x512,287
1482,101724,3,pituitary,512x512,343
1483,102648,3,pituitary,512x512,397
1484,102648,3,pituitary,512x512,373
1485,102648,3,pituitary,512x512,374
1486,102648,3,pituitary,512x512,317
1487,102669,3,pituitary,512x512,87
1488,102669,3,pituitary,512x512,147
1489,103046,3,pituitary,512x512,153
1490,103046,3,pituitary,512x512,288
1491,103046,3,pituitary,512x512,154
1492,103046,3,pituitary,512x512,141
1493,103257,3,pituitary,512x512,388
1494,103257,3,pituitary,512x512,458
1495,103257,3,pituitary,512x512,645
1496,103257,3,pituitary,512x512,665
1497,103257,3,pituitary,512x512,636
1498,103478,3,pituitary,512x512,368
1499,103478,3,pituitary,512x512,544
1500,103478,3,pituitary,512x512,686
1501,103478,3,pituitary,512x512,766
1502,103478,3,pituitary,512x512,829
1503,103478,3,pituitary,512x512,811
1504,103478,3,pituitary,512x512,650
1505,103478,3,pituitary,512x512,694
1506,103582,3,pituitary,512x512,477
1507,103582,3,pituitary,512x512,643
1508,103582,3,pituitary,512x512,596
1509,103582,3,pituitary,512x512,577
1510,103582,3,pituitary,512x512,419
1511,103670,3,pituitary,512x512,195
1512,103670,3,pituitary,512x512,251
1513,103670,3,pituitary,512x512,314
1514,103670,3,pituitary,512x512,166
1515,103671,3,pituitary,512x512,251
1516,103671,3,pituitary,512x512,379
1517,103671,3,pituitary,512x512,469
1518,103671,3,pituitary,512x512,460
1519,103671,3,pituitary,512x512,346
1520,103671,3,pituitary,512x512,186
1521,103731,3,pituitary,512x512,123
1522,103731,3,pituitary,512x512,423
1523,103731,3,pituitary,512x512,467
1524,103731,3,pituitary,512x512,687
1525,103731,3,pituitary,512x512,699
1526,103731,3,pituitary,512x512,627
1527,103731,3,pituitary,512x512,170
1528,103837,3,pituitary,512x512,281
1529,103837,3,pituitary,512x512,388
1530,103837,3,pituitary,512x512,542
1531,103837,3,pituitary,512x512,567
1532,103837,3,pituitary,512x512,540
1533,104019,3,pituitary,512x512,215
1534,104019,3,pituitary,512x512,244
1535,104019,3,pituitary,512x512,303
1536,104019,3,pituitary,512x512,248
1537,104019,3,pituitary,512x512,232
1538,104558,3,pituitary,512x512,1481
1539,104558,3,pituitary,512x512,1948
1540,104558,3,pituitary,512x512,2202
1541,104558,3,pituitary,512x512,2146
1542,104558,3,pituitary,512x512,1986
1543,104558,3,pituitary,512x512,1099
1544,104558,3,pituitary,512x512,560
1545,104684,3,pituitary,512x512,381
1546,104684,3,pituitary,512x512,735
1547,104684,3,pituitary,512x512,828
1548,104684,3,pituitary,512x512,808
1549,104684,3,pituitary,512x512,777
1550,104684,3,pituitary,512x512,656
1551,104684,3,pituitary,512x512,517
1552,104912,3,pituitary,512x512,259
1553,104912,3,pituitary,512x512,483
1554,104912,3,pituitary,512x512,382
1555,104912,3,pituitary,512x512,326
1556,104912,3,pituitary,512x512,262
1557,105187,3,pituitary,512x512,55
1558,105187,3,pituitary,512x512,101
1559,105187,3,pituitary,512x512,254
1560,105187,3,pituitary,512x512,326
1561,105187,3,pituitary,512x512,310
1562,105187,3,pituitary,512x512,220
1563,105475,3,pituitary,512x512,152
1564,105475,3,pituitary,512x512,167
1565,105475,3,pituitary,512x512,103
1566,105538,3,pituitary,512x512,139
1567,105538,3,pituitary,512x512,125
1568,105638,3,pituitary,512x512,149
1569,105638,3,pituitary,512x512,205
1570,105638,3,pituitary,512x512,193
1571,105638,3,pituitary,512x512,177
1572,105638,3,pituitary,512x512,94
1573,97416,3,pituitary,512x512,130
1574,97416,3,pituitary,512x512,395
1575,97416,3,pituitary,512x512,577
1576,97416,3,pituitary,512x512,629
1577,97416,3,pituitary,512x512,517
1578,97416,3,pituitary,512x512,632
1579,97416,3,pituitary,512x512,473
1580,97416,3,pituitary,512x512,650
1581,97461,3,pituitary,512x512,314
1582,97461,3,pituitary,512x512,602
1583,97461,3,pituitary,512x512,1003
1584,97461,3,pituitary,512x512,709
1585,97461,3,pituitary,512x512,982
1586,97461,3,pituitary,512x512,931
1587,97461,3,pituitary,512x512,1286
1588,97461,3,pituitary,512x512,1581
1589,97481,3,pituitary,512x512,220
1590,97481,3,pituitary,512x512,274
1591,97481,3,pituitary,512x512,322
1592,97481,3,pituitary,512x512,259
1593,97481,3,pituitary,512x512,347
1594,97599,3,pituitary,512x512,93
1595,97599,3,pituitary,512x512,61
1596,97890,3,pituitary,512x512,196
1597,97890,3,pituitary,512x512,269
1598,97890,3,pituitary,512x512,209
1599,97890,3,pituitary,512x512,211
1600,98472,3,pituitary,512x512,300
1601,98472,3,pituitary,512x512,403
1602,98472,3,pituitary,512x512,463
1603,98472,3,pituitary,512x512,405
1604,98472,3,pituitary,512x512,114
1605,98652,3,pituitary,512x512,128
1606,98652,3,pituitary,512x512,149
1607,98652,3,pituitary,512x512,151
1608,98652,3,pituitary,512x512,1127
1609,98871,3,pituitary,512x512,313
1610,98871,3,pituitary,512x512,313
1611,98871,3,pituitary,512x512,599
1612,98871,3,pituitary,512x512,631
1613,98871,3,pituitary,512x512,378
1614,98871,3,pituitary,512x512,537
1615,98871,3,pituitary,512x512,1137
1616,98874,3,pituitary,512x512,104
1617,98874,3,pituitary,512x512,233
1618,98874,3,pituitary,512x512,465
1619,98874,3,pituitary,512x512,460
1620,98874,3,pituitary,512x512,416
1621,98992,3,pituitary,512x512,295
1622,98992,3,pituitary,512x512,437
1623,98992,3,pituitary,512x512,887
1624,98992,3,pituitary,512x512,1488
1625,98992,3,pituitary,512x512,1595
1626,98992,3,pituitary,512x512,1557
1627,98992,3,pituitary,512x512,1019
1628,98995,3,pituitary,512x512,194
1629,98995,3,pituitary,512x512,464
1630,98995,3,pituitary,512x512,661
1631,98995,3,pituitary,512x512,726
1632,98995,3,pituitary,512x512,1035
1633,98995,3,pituitary,512x512,1065
1634,99223,3,pituitary,512x512,103
1635,99223,3,pituitary,512x512,451
1636,99223,3,pituitary,512x512,666
1637,99223,3,pituitary,512x512,767
1638,99223,3,pituitary,512x512,725
1639,99223,3,pituitary,512x512,621
1640,101017,3,pituitary,512x512,301
1641,101017,3,pituitary,512x512,389
1642,101017,3,pituitary,512x512,481
1643,101017,3,pituitary,512x512,341
1644,101029,3,pituitary,512x512,363
1645,101029,3,pituitary,512x512,347
1646,101029,3,pituitary,512x512,427
1647,101029,3,pituitary,512x512,456
1648,101029,3,pituitary,512x512,440
1649,101029,3,pituitary,512x512,405
1650,101029,3,pituitary,512x512,331
1651,101145,3,pituitary,512x512,69
1652,101145,3,pituitary,512x512,87
1653,101145,3,pituitary,512x512,128
1654,101145,3,pituitary,512x512,101
1655,101305,3,pituitary,512x512,91
1656,101305,3,pituitary,512x512,143
1657,101305,3,pituitary,512x512,120
1658,101305,3,pituitary,512x512,108
1659,101724,3,pituitary,512x512,108
1660,101724,3,pituitary,512x512,123
1661,101724,3,pituitary,512x512,139
1662,101724,3,pituitary,512x512,104
1663,101724,3,pituitary,512x512,153
1664,101724,3,pituitary,512x512,138
1665,102648,3,pituitary,512x512,149
1666,102648,3,pituitary,512x512,190
1667,102648,3,pituitary,512x512,239
1668,102648,3,pituitary,512x512,291
1669,102648,3,pituitary,512x512,243
1670,102648,3,pituitary,512x512,244
1671,102648,3,pituitary,512x512,173
1672,102669,3,pituitary,512x512,70
1673,103046,3,pituitary,512x512,242
1674,103046,3,pituitary,512x512,231
1675,103046,3,pituitary,512x512,184
1676,103046,3,pituitary,512x512,145
1677,103257,3,pituitary,512x512,192
1678,103257,3,pituitary,512x512,390
1679,103257,3,pituitary,512x512,466
1680,103257,3,pituitary,512x512,580
1681,103257,3,pituitary,512x512,587
1682,103257,3,pituitary,512x512,322
1683,103257,3,pituitary,512x512,254
1684,103478,3,pituitary,512x512,244
1685,103478,3,pituitary,512x512,542
1686,103478,3,pituitary,512x512,751
1687,103478,3,pituitary,512x512,739
1688,103478,3,pituitary,512x512,743
1689,103478,3,pituitary,512x512,514
1690,103478,3,pituitary,512x512,257
1691,103478,3,pituitary,512x512,225
1692,103582,3,pituitary,512x512,193
1693,103582,3,pituitary,512x512,307
1694,103582,3,pituitary,512x512,409
1695,103582,3,pituitary,512x512,531
1696,103582,3,pituitary,512x512,427
1697,103582,3,pituitary,512x512,266
1698,103582,3,pituitary,512x512,170
1699,103582,3,pituitary,512x512,173
1700,103670,3,pituitary,512x512,172
1701,103670,3,pituitary,512x512,211
1702,103670,3,pituitary,512x512,173
1703,103670,3,pituitary,512x512,162
1704,103671,3,pituitary,512x512,309
1705,103671,3,pituitary,512x512,423
1706,103671,3,pituitary,512x512,423
1707,103671,3,pituitary,512x512,367
1708,103671,3,pituitary,512x512,256
1709,103731,3,pituitary,512x512,472
1710,103731,3,pituitary,512x512,753
1711,103731,3,pituitary,512x512,754
1712,103731,3,pituitary,512x512,668
1713,103731,3,pituitary,512x512,338
1714,103837,3,pituitary,512x512,198
1715,103837,3,pituitary,512x512,304
1716,103837,3,pituitary,512x512,354
1717,103837,3,pituitary,512x512,485
1718,103837,3,pituitary,512x512,501
1719,103837,3,pituitary,512x512,422
1720,103837,3,pituitary,512x512,138
1721,104019,3,pituitary,512x512,90
1722,104019,3,pituitary,512x512,197
1723,104019,3,pituitary,512x512,195
1724,104019,3,pituitary,512x512,195
1725,104558,3,pituitary,512x512,649
1726,104558,3,pituitary,512x512,1514
1727,104558,3,pituitary,512x512,2007
1728,104558,3,pituitary,512x512,2216
1729,104558,3,pituitary,512x512,2235
1730,104558,3,pituitary,512x512,2089
1731,104558,3,pituitary,512x512,1842
1732,104558,3,pituitary,512x512,804
1733,104558,3,pituitary,512x512,528
1734,104684,3,pituitary,512x512,608
1735,104684,3,pituitary,512x512,758
1736,104684,3,pituitary,512x512,722
1737,104684,3,pituitary,512x512,748
1738,104684,3,pituitary,512x512,733
1739,104684,3,pituitary,512x512,568
1740,104684,3,pituitary,512x512,348
1741,104912,3,pituitary,512x512,123
1742,104912,3,pituitary,512x512,178
1743,104912,3,pituitary,512x512,195
1744,104912,3,pituitary,512x512,226
1745,104912,3,pituitary,512x512,257
1746,104912,3,pituitary,512x512,269
1747,104912,3,pituitary,512x512,126
1748,105187,3,pituitary,512x512,116
1749,105187,3,pituitary,512x512,145
1750,105187,3,pituitary,512x512,185
1751,105187,3,pituitary,512x512,193
1752,105187,3,pituitary,512x512,200
1753,105187,3,pituitary,512x512,123
1754,105475,3,pituitary,512x512,89
1755,105475,3,pituitary,512x512,92
1756,105475,3,pituitary,512x512,96
1757,105475,3,pituitary,512x512,93
1758,105475,3,pituitary,512x512,103
1759,105538,3,pituitary,512x512,179
1760,105538,3,pituitary,512x512,185
1761,105638,3,pituitary,512x512,138
1762,105638,3,pituitary,512x512,174
1763,105638,3,pituitary,512x512,128
1764,105638,3,pituitary,512x512,91
1765,105638,3,pituitary,512x512,55
1766,97416,3,pituitary,512x512,492
1767,97416,3,pituitary,512x512,550
1768,97416,3,pituitary,512x512,644
1769,97416,3,pituitary,512x512,734
1770,97416,3,pituitary,512x512,615
1771,97416,3,pituitary,512x512,361
1772,97416,3,pituitary,512x512,183
1773,97461,3,pituitary,512x512,794
1774,97461,3,pituitary,512x512,550
1775,97461,3,pituitary,512x512,819
1776,97461,3,pituitary,512x512,918
1777,97461,3,pituitary,512x512,892
1778,97461,3,pituitary,512x512,562
1779,97461,3,pituitary,512x512,574
1780,97461,3,pituitary,512x512,293
1781,97481,3,pituitary,512x512,133
1782,97481,3,pituitary,512x512,364
1783,97481,3,pituitary,512x512,448
1784,97481,3,pituitary,512x512,337
1785,97481,3,pituitary,512x512,179
1786,97599,3,pituitary,512x512,84
1787,97599,3,pituitary,512x512,93
1788,97599,3,pituitary,512x512,94
1789,97890,3,pituitary,512x512,96
1790,97890,3,pituitary,512x512,111
1791,97890,3,pituitary,512x512,133
1792,97890,3,pituitary,512x512,63
1793,97890,3,pituitary,512x512,137
1794,97890,3,pituitary,512x512,132
1795,98472,3,pituitary,512x512,351
1796,98472,3,pituitary,512x512,384
1797,98472,3,pituitary,512x512,405
1798,98472,3,pituitary,512x512,344
1799,98472,3,pituitary,512x512,306
1800,98472,3,pituitary,512x512,201
1801,98652,3,pituitary,512x512,164
1802,98652,3,pituitary,512x512,148
1803,98652,3,pituitary,512x512,104
1804,98652,3,pituitary,512x512,87
1805,98652,3,pituitary,512x512,113
1806,98871,3,pituitary,512x512,227
1807,98871,3,pituitary,512x512,357
1808,98871,3,pituitary,512x512,284
1809,98871,3,pituitary,512x512,377
1810,98871,3,pituitary,512x512,323
1811,98871,3,pituitary,512x512,295
1812,98871,3,pituitary,512x512,226
1813,98874,3,pituitary,512x512,176
1814,98874,3,pituitary,512x512,176
1815,98874,3,pituitary,512x512,307
1816,98874,3,pituitary,512x512,346
1817,98874,3,pituitary,512x512,307
1818,98874,3,pituitary,512x512,326
1819,98992,3,pituitary,512x512,389
1820,98992,3,pituitary,512x512,374
1821,98992,3,pituitary,512x512,210
1822,98992,3,pituitary,512x512,455
1823,98992,3,pituitary,512x512,701
1824,98992,3,pituitary,512x512,852
1825,98992,3,pituitary,512x512,1124
1826,98992,3,pituitary,512x512,1143
1827,98992,3,pituitary,512x512,1221
1828,98992,3,pituitary,512x512,925
1829,98992,3,pituitary,512x512,743
1830,98995,3,pituitary,512x512,361
1831,98995,3,pituitary,512x512,687
1832,98995,3,pituitary,512x512,696
1833,98995,3,pituitary,512x512,702
1834,98995,3,pituitary,512x512,528
1835,99223,3,pituitary,512x512,420
1836,99223,3,pituitary,512x512,532
1837,99223,3,pituitary,512x512,625
1838,99223,3,pituitary,512x512,581
1839,99223,3,pituitary,512x512,436
1840,99223,3,pituitary,512x512,175
1841,MR048294,2,glioma,512x512,196
1842,MR048294,2,glioma,512x512,751
1843,MR048294,2,glioma,512x512,321
1844,MR048294,2,glioma,512x512,524
1845,MR048294,2,glioma,512x512,614
1846,MR048294,2,glioma,512x512,617
1847,MR048294,2,glioma,512x512,714
1848,MR048294,2,glioma,512x512,994
1849,MR048297,2,glioma,512x512,389
1850,MR048297,2,glioma,512x512,614
1851,MR048297,2,glioma,512x512,491
1852,MR048297,2,glioma,512x512,158
1853,MR048294B,2,glioma,512x512,880
1854,MR048621B,2,glioma,512x512,1300
1855,MR048621B,2,glioma,512x512,2341
1856,MR048621B,2,glioma,512x512,1643
1857,MR048621B,2,glioma,512x512,1970
1858,MR048621B,2,glioma,512x512,2658
1859,MR048621B,2,glioma,512x512,2421
1860,MR048621B,2,glioma,512x512,1526
1861,MR048621B,2,glioma,512x512,1246
1862,MR048944,2,glioma,512x512,101
1863,MR048944,2,glioma,512x512,908
1864,MR048944,2,glioma,512x512,1951
1865,MR048944,2,glioma,512x512,2472
1866,MR048944,2,glioma,512x512,2614
1867,MR048944,2,glioma,512x512,738
1868,MR048944,2,glioma,512x512,634
1869,MR048944,2,glioma,512x512,382
1870,MR048994,2,glioma,512x512,908
1871,MR048994,2,glioma,512x512,1422
1872,MR048994,2,glioma,512x512,1709
1873,MR048994,2,glioma,512x512,1996
1874,MR048994,2,glioma,512x512,2106
1875,MR048994,2,glioma,512x512,2117
1876,MR048994,2,glioma,512x512,1844
1877,MR048994,2,glioma,512x512,1650
1878,MR048994,2,glioma,512x512,855
1879,MR049104,2,glioma,512x512,550
1880,MR049104,2,glioma,512x512,207
1881,MR049142,2,glioma,512x512,267
1882,MR049142,2,glioma,512x512,448
1883,MR049142,2,glioma,512x512,608
1884,MR049142,2,glioma,512x512,604
1885,MR048994B,2,glioma,512x512,174
1886,MR048994B,2,glioma,512x512,148
1887,MR048994B,2,glioma,512x512,289
1888,MR048994B,2,glioma,512x512,258
1889,MR048994B,2,glioma,512x512,2056
1890,MR048994B,2,glioma,512x512,1749
1891,MR048994B,2,glioma,512x512,1827
1892,MR048994B,2,glioma,512x512,1260
1893,MR048944B,2,glioma,512x512,531
1894,MR048944B,2,glioma,512x512,557
1895,MR048944B,2,glioma,512x512,957
1896,MR048944B,2,glioma,512x512,839
1897,MR048944B,2,glioma,512x512,487
1898,MR048944B,2,glioma,512x512,337
1899,MR049358,2,glioma,512x512,138
1900,MR049358,2,glioma,512x512,794
1901,MR049358,2,glioma,512x512,1095
1902,MR049358,2,glioma,512x512,1683
1903,MR049358,2,glioma,512x512,1650
1904,MR049358,2,glioma,512x512,1708
1905,MR049358,2,glioma,512x512,1669
1906,MR049358,2,glioma,512x512,1448
1907,MR049358,2,glioma,512x512,1019
1908,MR049358,2,glioma,512x512,630
1909,MR049104B,2,glioma,512x512,313
1910,MR049104B,2,glioma,512x512,362
1911,MR049104B,2,glioma,512x512,182
1912,MR049104B,2,glioma,512x512,1488
1913,MR049104B,2,glioma,512x512,827
1914,MR049453,2,glioma,512x512,608
1915,MR049453,2,glioma,512x512,903
1916,MR049453,2,glioma,512x512,2320
1917,MR049453,2,glioma,512x512,1313
1918,MR049453,2,glioma,512x512,2444
1919,MR049453,2,glioma,512x512,2214
1920,MR049453,2,glioma,512x512,1684
1921,MR024780G,2,glioma,512x512,589
1922,MR024780G,2,glioma,512x512,848
1923,MR024780G,2,glioma,512x512,1603
1924,MR024780G,2,glioma,512x512,1203
1925,MR024780G,2,glioma,512x512,871
1926,MR024780G,2,glioma,512x512,675
1927,MR024780G,2,glioma,512x512,467
1928,MR024780G,2,glioma,512x512,370
1929,MR024780G,2,glioma,512x512,738
1930,MR024780G,2,glioma,512x512,2534
1931,MR024780G,2,glioma,512x512,540
1932,MR024780G,2,glioma,512x512,598
1933,MR024780G,2,glioma,512x512,1092
1934,MR024780G,2,glioma,512x512,724
1935,MR024780G,2,glioma,512x512,1786
1936,MR024780G,2,glioma,512x512,2094
1937,MR049453B,2,glioma,512x512,3025
1938,MR049453B,2,glioma,512x512,3586
1939,MR049453B,2,glioma,512x512,1895
1940,MR049453B,2,glioma,512x512,2100
1941,MR049453B,2,glioma,512x512,1784
1942,MR049453B,2,glioma,512x512,1596
1943,MR049453B,2,glioma,512x512,1782
1944,MR049453B,2,glioma,512x512,1116
1945,MR048294B,2,glioma,512x512,1399
1946,MR048294B,2,glioma,512x512,1224
1947,MR048294B,2,glioma,512x512,942
1948,MR048621B,2,glioma,512x512,912
1949,MR048621B,2,glioma,512x512,1070
1950,MR050135B,2,glioma,512x512,208
1951,MR050135B,2,glioma,512x512,521
1952,MR050135B,2,glioma,512x512,962
1953,MR050135B,2,glioma,512x512,796
1954,MR050135B,2,glioma,512x512,336
1955,MR050135B,2,glioma,512x512,582
1956,MR050135B,2,glioma,512x512,647
1957,MR050135B,2,glioma,512x512,775
1958,MR050135B,2,glioma,512x512,799
1959,MR050135B,2,glioma,512x512,150
1960,MR050135B,2,glioma,512x512,926
1961,MR050135B,2,glioma,512x512,1548
1962,MR050135B,2,glioma,512x512,1577
1963,MR050135B,2,glioma,512x512,1341
1964,MR050687,2,glioma,512x512,783
1965,MR050687,2,glioma,512x512,1070
1966,MR050687,2,glioma,512x512,1137
1967,MR050687,2,glioma,512x512,1245
1968,MR050687,2,glioma,512x512,1108
1969,MR050687,2,glioma,512x512,634
1970,MR050687,2,glioma,512x512,1537
1971,MR050687,2,glioma,512x512,1345
1972,MR050687,2,glioma,512x512,679
1973,MR050687,2,glioma,512x512,411
1974,MR050791B,2,glioma,512x512,179
1975,MR050791B,2,glioma,512x512,333
1976,MR050791B,2,glioma,512x512,565
1977,MR050791B,2,glioma,512x512,636
1978,MR050791B,2,glioma,512x512,1200
1979,MR050791B,2,glioma,512x512,1018
1980,MR050791B,2,glioma,512x512,865
1981,MR050791B,2,glioma,512x512,604
1982,MR050791B,2,glioma,512x512,1249
1983,MR050791B,2,glioma,512x512,625
1984,MR049019C,2,glioma,512x512,193
1985,MR049019C,2,glioma,512x512,351
1986,MR049019C,2,glioma,512x512,585
1987,MR026175C,2,glioma,512x512,376
1988,MR026175C,2,glioma,512x512,333
1989,MR026175C,2,glioma,512x512,578
1990,MR026175C,2,glioma,512x512,1801
1991,MR026175C,2,glioma,512x512,1220
1992,MR026175C,2,glioma,512x512,1246
1993,MR026175C,2,glioma,512x512,1142
1994,MR026175C,2,glioma,512x512,919
1995,MR026175C,2,glioma,512x512,590
1996,MR026175C,2,glioma,512x512,675
1997,MR026175C,2,glioma,512x512,647
1998,MR051461,2,glioma,512x512,350
1999,MR051461,2,glioma,512x512,729
2000,MR051461,2,glioma,512x512,1234
2001,MR051461,2,glioma,512x512,1494
2002,MR051461,2,glioma,512x512,1134
2003,MR051461,2,glioma,512x512,1010
2004,MR051461,2,glioma,512x512,693
2005,MR051586,2,glioma,512x512,500
2006,MR051586,2,glioma,512x512,1120
2007,MR051586,2,glioma,512x512,1522
2008,MR051586,2,glioma,512x512,1733
2009,MR051586,2,glioma,512x512,1670
2010,MR051586,2,glioma,512x512,1447
2011,MR051586,2,glioma,512x512,1073
2012,MR051461B,2,glioma,512x512,754
2013,MR051461B,2,glioma,512x512,582
2014,MR051461B,2,glioma,512x512,1503
2015,MR051461B,2,glioma,512x512,1080
2016,MR051461B,2,glioma,512x512,1296
2017,MR051644,2,glioma,512x512,1001
2018,MR051644,2,glioma,512x512,68
2019,MR051644,2,glioma,512x512,1439
2020,MR051644,2,glioma,512x512,1252
2021,MR051644,2,glioma,512x512,552
2022,MR051644,2,glioma,512x512,1344
2023,MR051644,2,glioma,512x512,671
2024,MR051644,2,glioma,512x512,240
2025,MR051644,2,glioma,512x512,255
2026,MR051644,2,glioma,512x512,335
2027,MR051644,2,glioma,512x512,537
2028,MR051644,2,glioma,512x512,484
2029,MR051644,2,glioma,512x512,619
2030,MR051644,2,glioma,512x512,1145
2031,MR051644,2,glioma,512x512,1400
2032,MR051651,2,glioma,512x512,380
2033,MR051651,2,glioma,512x512,802
2034,MR051651,2,glioma,512x512,1098
2035,MR051651,2,glioma,512x512,1229
2036,MR051651,2,glioma,512x512,921
2037,MR051651,2,glioma,512x512,694
2038,MR051796,2,glioma,512x512,638
2039,MR051796,2,glioma,512x512,843
2040,MR051796,2,glioma,512x512,1558
2041,MR051796,2,glioma,512x512,1643
2042,MR051796,2,glioma,512x512,1338
2043,MR051796,2,glioma,512x512,867
2044,MR051796,2,glioma,512x512,1031
2045,MR051651B,2,glioma,512x512,1019
2046,MR051651B,2,glioma,512x512,1050
2047,MR051651B,2,glioma,512x512,1509
2048,MR051651B,2,glioma,512x512,1557
2049,MR051651B,2,glioma,512x512,915
2050,MR051651B,2,glioma,512x512,459
2051,MR051644B,2,glioma,512x512,2657
2052,MR051644B,2,glioma,512x512,2086
2053,MR051644B,2,glioma,512x512,2266
2054,MR051644B,2,glioma,512x512,2803
2055,MR051644B,2,glioma,512x512,658
2056,MR051644B,2,glioma,512x512,1789
2057,MR051644B,2,glioma,512x512,1254
2058,MR051796B,2,glioma,512x512,61
2059,MR051796B,2,glioma,512x512,339
2060,MR051796B,2,glioma,512x512,353
2061,MR052550,2,glioma,512x512,463
2062,MR052550,2,glioma,512x512,628
2063,MR052550,2,glioma,512x512,791
2064,MR052550,2,glioma,512x512,704
2065,MR051644C,2,glioma,512x512,390
2066,MR051644C,2,glioma,512x512,478
2067,MR051644C,2,glioma,512x512,708
2068,MR051644C,2,glioma,512x512,437
2069,MR051644C,2,glioma,512x512,698
2070,MR051644C,2,glioma,512x512,935
2071,MR051644C,2,glioma,512x512,903
2072,MR051644C,2,glioma,512x512,910
2073,MR051644C,2,glioma,512x512,2185
2074,MR051644C,2,glioma,512x512,2844
2075,MR051644C,2,glioma,512x512,3349
2076,MR051644C,2,glioma,512x512,2778
2077,MR049942B,2,glioma,512x512,1100
2078,MR049942B,2,glioma,512x512,1436
2079,MR049942B,2,glioma,512x512,768
2080,MR052585B,2,glioma,512x512,83
2081,MR052585B,2,glioma,512x512,181
2082,MR052585B,2,glioma,512x512,339
2083,MR047953C,2,glioma,512x512,248
2084,MR047953C,2,glioma,512x512,2009
2085,MR047953C,2,glioma,512x512,735
2086,MR047953C,2,glioma,512x512,471
2087,MR053110B,2,glioma,512x512,1377
2088,MR053110B,2,glioma,512x512,1514
2089,MR053110B,2,glioma,512x512,2660
2090,MR053110B,2,glioma,512x512,2570
2091,MR053110B,2,glioma,512x512,1965
2092,MR053110B,2,glioma,512x512,724
2093,MR034694,2,glioma,512x512,310
2094,MR034694,2,glioma,512x512,877
2095,MR034694,2,glioma,512x512,1399
2096,MR034694,2,glioma,512x512,858
2097,MR054683,2,glioma,512x512,64
2098,MR054683,2,glioma,512x512,668
2099,MR054683,2,glioma,512x512,67
2100,MR054875,2,glioma,512x512,130
2101,MR054875,2,glioma,512x512,306
2102,MR054875,2,glioma,512x512,211
2103,MR054875,2,glioma,512x512,69
2104,MR050687C,2,glioma,512x512,1019
2105,MR050687C,2,glioma,512x512,1221
2106,MR050687C,2,glioma,512x512,1519
2107,MR050687C,2,glioma,512x512,1654
2108,MR050687C,2,glioma,512x512,1258
2109,MR056144,2,glioma,512x512,214
2110,MR056144,2,glioma,512x512,275
2111,MR056144,2,glioma,512x512,297
2112,MR034997,2,glioma,512x512,396
2113,MR034997,2,glioma,512x512,883
2114,MR034997,2,glioma,512x512,1002
2115,MR034997,2,glioma,512x512,1062
2116,MR034997,2,glioma,512x512,845
2117,MR034997,2,glioma,512x512,756
2118,MR034997,2,glioma,512x512,247
2119,MR029209E,2,glioma,512x512,196
2120,MR029209E,2,glioma,512x512,293
2121,MR029209E,2,glioma,512x512,75
2122,MR029209E,2,glioma,512x512,1215
2123,MR029209E,2,glioma,512x512,1385
2124,MR029209E,2,glioma,512x512,1634
2125,MR029209E,2,glioma,512x512,1306
2126,MR029209E,2,glioma,512x512,1523
2127,MR029209E,2,glioma,512x512,1487
2128,MR053110E,2,glioma,512x512,719
2129,MR053110E,2,glioma,512x512,1438
2130,MR053110E,2,glioma,512x512,1724
2131,MR053110E,2,glioma,512x512,1706
2132,MR053110E,2,glioma,512x512,3438
2133,MR053110E,2,glioma,512x512,1649
2134,MR049019G,2,glioma,512x512,1241
2135,MR049019G,2,glioma,512x512,2284
2136,MR049019G,2,glioma,512x512,760
2137,MR049019G,2,glioma,512x512,871
2138,MR049019G,2,glioma,512x512,1357
2139,MR049019G,2,glioma,512x512,804
2140,MR049019G,2,glioma,512x512,978
2141,MR031409B,2,glioma,512x512,163
2142,MR031409B,2,glioma,512x512,194
2143,MR031409B,2,glioma,512x512,1057
2144,MR024780D,2,glioma,512x512,275
2145,MR024780D,2,glioma,512x512,311
2146,MR038469,2,glioma,512x512,125
2147,MR038469,2,glioma,512x512,643
2148,MR038469,2,glioma,512x512,317
2149,MR038469,2,glioma,512x512,248
2150,MR038469,2,glioma,512x512,133
2151,MR038469,2,glioma,512x512,183
2152,MR038469,2,glioma,512x512,146
2153,MR032322C,2,glioma,512x512,167
2154,MR032322C,2,glioma,512x512,217
2155,MR032322C,2,glioma,512x512,477
2156,MR032322C,2,glioma,512x512,1261
2157,MR032322C,2,glioma,512x512,626
2158,MR032322C,2,glioma,512x512,211
2159,MR032322C,2,glioma,512x512,394
2160,MR032322C,2,glioma,512x512,613
2161,MR032322C,2,glioma,512x512,1486
2162,MR032322C,2,glioma,512x512,2498
2163,MR032322C,2,glioma,512x512,2684
2164,MR032322C,2,glioma,512x512,2850
2165,MR032322C,2,glioma,512x512,2329
2166,MR037458B,2,glioma,512x512,574
2167,MR037458B,2,glioma,512x512,714
2168,MR037458B,2,glioma,512x512,138
2169,MR037458B,2,glioma,512x512,257
2170,MR037458B,2,glioma,512x512,362
2171,MR037458B,2,glioma,512x512,998
2172,MR037458B,2,glioma,512x512,782
2173,MR037458B,2,glioma,512x512,853
2174,MR039473,2,glioma,512x512,1043
2175,MR039473,2,glioma,512x512,948
2176,MR039473,2,glioma,512x512,964
2177,MR039473,2,glioma,512x512,1014
2178,MR039473,2,glioma,512x512,1946
2179,MR039473B,2,glioma,512x512,1099
2180,MR039473B,2,glioma,512x512,1287
2181,MR039473B,2,glioma,512x512,845
2182,MR039473B,2,glioma,512x512,1092
2183,MR039473B,2,glioma,512x512,2655
2184,MR039473B,2,glioma,512x512,1634
2185,MR039473B,2,glioma,512x512,519
2186,MR037458C,2,glioma,512x512,371
2187,MR037458C,2,glioma,512x512,789
2188,MR037458C,2,glioma,512x512,1151
2189,MR037458C,2,glioma,512x512,1418
2190,MR037458C,2,glioma,512x512,2349
2191,MR037458C,2,glioma,512x512,1854
2192,MR037458C,2,glioma,512x512,1852
2193,MR037458C,2,glioma,512x512,1307
2194,MR037458C,2,glioma,512x512,985
2195,MR037458C,2,glioma,512x512,492
2196,MR040240,2,glioma,512x512,369
2197,MR040240,2,glioma,512x512,522
2198,MR040240,2,glioma,512x512,1534
2199,MR040240,2,glioma,512x512,1424
2200,MR040240,2,glioma,512x512,1258
2201,MR040240,2,glioma,512x512,1065
2202,MR040240,2,glioma,512x512,1675
2203,MR040240,2,glioma,512x512,1286
2204,MR040240,2,glioma,512x512,806
2205,MR040240,2,glioma,512x512,437
2206,MR040240B,2,glioma,512x512,217
2207,MR040240B,2,glioma,512x512,328
2208,MR040240B,2,glioma,512x512,1537
2209,MR040240B,2,glioma,512x512,1151
2210,MR040240B,2,glioma,512x512,1850
2211,MR040240B,2,glioma,512x512,1353
2212,MR040240B,2,glioma,512x512,1275
2213,MR040240B,2,glioma,512x512,1202
2214,MR040240B,2,glioma,512x512,666
2215,MR040240B,2,glioma,512x512,294
2216,MR029209G,2,glioma,512x512,841
2217,MR029209G,2,glioma,512x512,1095
2218,MR029209G,2,glioma,512x512,780
2219,MR029209G,2,glioma,512x512,1870
2220,MR029209G,2,glioma,512x512,1926
2221,MR029209G,2,glioma,512x512,1260
2222,MR029209G,2,glioma,512x512,1199
2223,MR029209G,2,glioma,512x512,1477
2224,MR036496B,2,glioma,512x512,439
2225,MR036496B,2,glioma,512x512,1336
2226,MR036496B,2,glioma,512x512,1110
2227,MR036496B,2,glioma,512x512,887
2228,MR036496B,2,glioma,512x512,563
2229,MR036496B,2,glioma,512x512,224
2230,MR033420,2,glioma,512x512,2273
2231,MR033420,2,glioma,512x512,1269
2232,MR033420,2,glioma,512x512,1457
2233,MR033420,2,glioma,512x512,897
2234,MR033420,2,glioma,512x512,856
2235,MR033420,2,glioma,512x512,1440
2236,MR033420,2,glioma,512x512,1262
2237,MR024780B,2,glioma,512x512,300
2238,MR024780B,2,glioma,512x512,1010
2239,MR024780B,2,glioma,512x512,1103
2240,MR024780B,2,glioma,512x512,564
2241,MR033389B,2,glioma,512x512,1525
2242,MR048994,2,glioma,512x512,1567
2243,MR048994,2,glioma,512x512,1025
2244,MR049104,2,glioma,512x512,233
2245,MR049104,2,glioma,512x512,323
2246,MR049104,2,glioma,512x512,339
2247,MR049142,2,glioma,512x512,544
2248,MR049142,2,glioma,512x512,669
2249,MR049142,2,glioma,512x512,639
2250,MR048994B,2,glioma,512x512,886
2251,MR048994B,2,glioma,512x512,1072
2252,MR048994B,2,glioma,512x512,1098
2253,MR048994B,2,glioma,512x512,478
2254,MR048944B,2,glioma,512x512,1268
2255,MR048944B,2,glioma,512x512,1628
2256,MR048944B,2,glioma,512x512,1630
2257,MR048944B,2,glioma,512x512,955
2258,MR048944B,2,glioma,512x512,1043
2259,MR048944B,2,glioma,512x512,796
2260,MR048944B,2,glioma,512x512,262
2261,MR049358,2,glioma,512x512,576
2262,MR049358,2,glioma,512x512,894
2263,MR049358,2,glioma,512x512,1185
2264,MR049358,2,glioma,512x512,1491
2265,MR049358,2,glioma,512x512,1653
2266,MR049358,2,glioma,512x512,1548
2267,MR049358,2,glioma,512x512,1218
2268,MR049358,2,glioma,512x512,950
2269,MR049358,2,glioma,512x512,325
2270,MR049453,2,glioma,512x512,215
2271,MR049453,2,glioma,512x512,1399
2272,MR049453,2,glioma,512x512,748
2273,MR049453,2,glioma,512x512,1708
2274,MR049453,2,glioma,512x512,1625
2275,MR049453,2,glioma,512x512,1203
2276,MR049453,2,glioma,512x512,501
2277,MR049453,2,glioma,512x512,521
2278,MR049453,2,glioma,512x512,199
2279,MR024780G,2,glioma,512x512,765
2280,MR024780G,2,glioma,512x512,847
2281,MR024780G,2,glioma,512x512,772
2282,MR024780G,2,glioma,512x512,854
2283,MR024780G,2,glioma,512x512,1043
2284,MR024780G,2,glioma,512x512,536
2285,MR024780G,2,glioma,512x512,1197
2286,MR049453B,2,glioma,512x512,186
2287,MR049453B,2,glioma,512x512,182
2288,MR049453B,2,glioma,512x512,2522
2289,MR049453B,2,glioma,512x512,1782
2290,MR049453B,2,glioma,512x512,1837
2291,MR049453B,2,glioma,512x512,991
2292,MR049453B,2,glioma,512x512,477
2293,MR049453B,2,glioma,512x512,889
2294,MR049453B,2,glioma,512x512,260
2295,MR049453B,2,glioma,512x512,768
2296,MR049453B,2,glioma,512x512,1217
2297,MR049453B,2,glioma,512x512,2198
2298,MR049453B,2,glioma,512x512,2307
2299,MR049453B,2,glioma,512x512,2474
2300,MR050135B,2,glioma,512x512,206
2301,MR050135B,2,glioma,512x512,917
2302,MR050135B,2,glioma,512x512,310
2303,MR050135B,2,glioma,512x512,949
2304,MR050135B,2,glioma,512x512,1158
2305,MR050135B,2,glioma,512x512,1294
2306,MR050135B,2,glioma,512x512,1080
2307,MR050135B,2,glioma,512x512,365
2308,MR050135B,2,glioma,512x512,661
2309,MR050135B,2,glioma,512x512,648
2310,MR050135B,2,glioma,512x512,651
2311,MR050687,2,glioma,512x512,925
2312,MR050687,2,glioma,512x512,1344
2313,MR050687,2,glioma,512x512,1352
2314,MR050687,2,glioma,512x512,1193
2315,MR050687,2,glioma,512x512,1071
2316,MR050687,2,glioma,512x512,991
2317,MR050791B,2,glioma,512x512,1337
2318,MR050791B,2,glioma,512x512,2243
2319,MR050791B,2,glioma,512x512,1607
2320,MR050791B,2,glioma,512x512,1048
2321,MR049019C,2,glioma,512x512,236
2322,MR049019C,2,glioma,512x512,318
2323,MR049019C,2,glioma,512x512,357
2324,MR049019C,2,glioma,512x512,369
2325,MR049019C,2,glioma,512x512,341
2326,MR026175C,2,glioma,512x512,504
2327,MR026175C,2,glioma,512x512,831
2328,MR026175C,2,glioma,512x512,1227
2329,MR026175C,2,glioma,512x512,1265
2330,MR026175C,2,glioma,512x512,1342
2331,MR026175C,2,glioma,512x512,1543
2332,MR026175C,2,glioma,512x512,1184
2333,MR051461,2,glioma,512x512,372
2334,MR051461,2,glioma,512x512,621
2335,MR051461,2,glioma,512x512,504
2336,MR051461,2,glioma,512x512,624
2337,MR051461,2,glioma,512x512,645
2338,MR051461,2,glioma,512x512,606
2339,MR051461,2,glioma,512x512,626
2340,MR051461,2,glioma,512x512,1027
2341,MR051461,2,glioma,512x512,470
2342,MR051586,2,glioma,512x512,1362
2343,MR051586,2,glioma,512x512,1502
2344,MR033389B,2,glioma,512x512,2094
2345,MR033389B,2,glioma,512x512,2204
2346,MR033389B,2,glioma,512x512,1665
2347,MR033389B,2,glioma,512x512,1437
2348,MR033389B,2,glioma,512x512,776
2349,MR024780E,2,glioma,512x512,376
2350,MR026175E,2,glioma,512x512,388
2351,MR026175E,2,glioma,512x512,598
2352,MR026175E,2,glioma,512x512,740
2353,MR026175E,2,glioma,512x512,804
2354,MR026175E,2,glioma,512x512,2407
2355,MR026175E,2,glioma,512x512,2385
2356,MR026175E,2,glioma,512x512,2117
2357,MR026175E,2,glioma,512x512,2215
2358,MR026175E,2,glioma,512x512,2034
2359,MR026175E,2,glioma,512x512,1268
2360,MR026175E,2,glioma,512x512,1195
2361,MR026175E,2,glioma,512x512,1452
2362,MR040240C,2,glioma,512x512,427
2363,MR040240C,2,glioma,512x512,170
2364,MR040240C,2,glioma,512x512,190
2365,MR040240C,2,glioma,512x512,1022
2366,MR040240C,2,glioma,512x512,1170
2367,MR040240C,2,glioma,512x512,2150
2368,MR040240C,2,glioma,512x512,3094
2369,MR040240C,2,glioma,512x512,2619
2370,MR040240C,2,glioma,512x512,3542
2371,MR040240C,2,glioma,512x512,2969
2372,MR040240C,2,glioma,512x512,785
2373,MR040240D,2,glioma,512x512,174
2374,MR040240D,2,glioma,512x512,318
2375,MR040240D,2,glioma,512x512,170
2376,MR040240D,2,glioma,512x512,1604
2377,MR040240D,2,glioma,512x512,1459
2378,MR040240D,2,glioma,512x512,1599
2379,MR040240D,2,glioma,512x512,3286
2380,MR040240D,2,glioma,512x512,2940
2381,MR040240D,2,glioma,512x512,2779
2382,MR040240D,2,glioma,512x512,2623
2383,MR040240D,2,glioma,512x512,211
2384,MR017260F,2,glioma,512x512,831
2385,MR017260F,2,glioma,512x512,1448
2386,MR017260F,2,glioma,512x512,1717
2387,MR017260F,2,glioma,512x512,2274
2388,MR017260F,2,glioma,512x512,2955
2389,MR017260F,2,glioma,512x512,2205
2390,MR017260F,2,glioma,512x512,2166
2391,MR017260F,2,glioma,512x512,1910
2392,MR017260F,2,glioma,512x512,1731
2393,MR017260F,2,glioma,512x512,1348
2394,MR029209I,2,glioma,512x512,1253
2395,MR029209I,2,glioma,512x512,1286
2396,MR029209I,2,glioma,512x512,2061
2397,MR029209I,2,glioma,512x512,888
2398,MR029209I,2,glioma,512x512,1759
2399,MR029209I,2,glioma,512x512,2332
2400,MR029209I,2,glioma,512x512,1060
2401,MR029209I,2,glioma,512x512,1282
2402,MR029209I,2,glioma,512x512,643
2403,MR048294,2,glioma,512x512,508
2404,MR048294,2,glioma,512x512,789
2405,MR048294,2,glioma,512x512,820
2406,MR048294,2,glioma,512x512,717
2407,MR048294,2,glioma,512x512,827
2408,MR048294,2,glioma,512x512,658
2409,MR048294,2,glioma,512x512,417
2410,MR048297,2,glioma,512x512,649
2411,MR048297,2,glioma,512x512,822
2412,MR048297,2,glioma,512x512,782
2413,MR048297,2,glioma,512x512,727
2414,MR048297,2,glioma,512x512,508
2415,MR048294B,2,glioma,512x512,1334
2416,MR048294B,2,glioma,512x512,787
2417,MR048294B,2,glioma,512x512,895
2418,MR048294B,2,glioma,512x512,916
2419,MR048294B,2,glioma,512x512,566
2420,MR048621B,2,glioma,512x512,895
2421,MR048621B,2,glioma,512x512,1332
2422,MR048621B,2,glioma,512x512,1625
2423,MR048621B,2,glioma,512x512,1448
2424,MR048621B,2,glioma,512x512,2344
2425,MR048621B,2,glioma,512x512,1957
2426,MR048944,2,glioma,512x512,673
2427,MR048944,2,glioma,512x512,591
2428,MR048944,2,glioma,512x512,840
2429,MR048944,2,glioma,512x512,1277
2430,MR048944,2,glioma,512x512,1099
2431,MR048944,2,glioma,512x512,1026
2432,MR048944,2,glioma,512x512,971
2433,MR048944,2,glioma,512x512,703
2434,MR048944,2,glioma,512x512,542
2435,MR048994,2,glioma,512x512,850
2436,MR048994,2,glioma,512x512,1223
2437,MR048994,2,glioma,512x512,1562
2438,MR048994,2,glioma,512x512,1941
2439,MR048994,2,glioma,512x512,2066
2440,MR048994,2,glioma,512x512,2107
2441,MR048994,2,glioma,512x512,1920
2442,MR037458C,2,glioma,512x512,715
2443,MR040240,2,glioma,512x512,1414
2444,MR040240,2,glioma,512x512,2483
2445,MR040240,2,glioma,512x512,2326
2446,MR040240,2,glioma,512x512,2502
2447,MR040240,2,glioma,512x512,1479
2448,MR040240,2,glioma,512x512,1442
2449,MR040240,2,glioma,512x512,1499
2450,MR040240,2,glioma,512x512,1862
2451,MR040240,2,glioma,512x512,1191
2452,MR040240,2,glioma,512x512,477
2453,MR040240B,2,glioma,512x512,1263
2454,MR040240B,2,glioma,512x512,2023
2455,MR040240B,2,glioma,512x512,2224
2456,MR040240B,2,glioma,512x512,2936
2457,MR040240B,2,glioma,512x512,2701
2458,MR040240B,2,glioma,512x512,2612
2459,MR040240B,2,glioma,512x512,2368
2460,MR040240B,2,glioma,512x512,2499
2461,MR040240B,2,glioma,512x512,687
2462,MR040240B,2,glioma,512x512,428
2463,MR029209G,2,glioma,512x512,273
2464,MR029209G,2,glioma,512x512,1023
2465,MR029209G,2,glioma,512x512,950
2466,MR029209G,2,glioma,512x512,746
2467,MR029209G,2,glioma,512x512,434
2468,MR029209G,2,glioma,512x512,514
2469,MR029209G,2,glioma,512x512,216
2470,MR036496B,2,glioma,512x512,222
2471,MR036496B,2,glioma,512x512,320
2472,MR036496B,2,glioma,512x512,935
2473,MR036496B,2,glioma,512x512,916
2474,MR036496B,2,glioma,512x512,940
2475,MR036496B,2,glioma,512x512,610
2476,MR033420,2,glioma,512x512,263
2477,MR033420,2,glioma,512x512,483
2478,MR033420,2,glioma,512x512,714
2479,MR033420,2,glioma,512x512,884
2480,MR033420,2,glioma,512x512,1026
2481,MR033420,2,glioma,512x512,675
2482,MR033420,2,glioma,512x512,869
2483,MR033420,2,glioma,512x512,819
2484,MR033420,2,glioma,512x512,1030
2485,MR033420,2,glioma,512x512,775
2486,MR033420,2,glioma,512x512,870
2487,MR033389B,2,glioma,512x512,462
2488,MR033389B,2,glioma,512x512,1530
2489,MR033389B,2,glioma,512x512,2360
2490,MR033389B,2,glioma,512x512,2533
2491,MR033389B,2,glioma,512x512,2708
2492,MR033389B,2,glioma,512x512,2444
2493,MR033389B,2,glioma,512x512,1753
2494,MR033389B,2,glioma,512x512,907
2495,MR033389B,2,glioma,512x512,342
2496,MR024780E,2,glioma,512x512,204
2497,MR024780E,2,glioma,512x512,123
2498,MR024780E,2,glioma,512x512,369
2499,MR026175E,2,glioma,512x512,184
2500,MR026175E,2,glioma,512x512,490
2501,MR026175E,2,glioma,512x512,694
2502,MR026175E,2,glioma,512x512,1031
2503,MR026175E,2,glioma,512x512,1073
2504,MR026175E,2,glioma,512x512,1679
2505,MR026175E,2,glioma,512x512,677
2506,MR026175E,2,glioma,512x512,428
2507,MR026175E,2,glioma,512x512,145
2508,MR026175E,2,glioma,512x512,163
2509,MR040240C,2,glioma,512x512,1058
2510,MR040240C,2,glioma,512x512,1089
2511,MR040240C,2,glioma,512x512,394
2512,MR040240C,2,glioma,512x512,495
2513,MR040240C,2,glioma,512x512,676
2514,MR040240C,2,glioma,512x512,730
2515,MR040240C,2,glioma,512x512,758
2516,MR040240C,2,glioma,512x512,1576
2517,MR040240C,2,glioma,512x512,1686
2518,MR040240C,2,glioma,512x512,665
2519,MR040240C,2,glioma,512x512,688
2520,MR040240C,2,glioma,512x512,1957
2521,MR040240C,2,glioma,512x512,1493
2522,MR040240C,2,glioma,512x512,493
2523,MR040240C,2,glioma,512x512,393
2524,MR017260F,2,glioma,512x512,418
2525,MR017260F,2,glioma,512x512,1053
2526,MR017260F,2,glioma,512x512,1265
2527,MR017260F,2,glioma,512x512,2224
2528,MR017260F,2,glioma,512x512,1427
2529,MR017260F,2,glioma,512x512,1570
2530,MR029209I,2,glioma,512x512,408
2531,MR029209I,2,glioma,512x512,820
2532,MR029209I,2,glioma,512x512,1590
2533,MR029209I,2,glioma,512x512,1718
2534,MR029209I,2,glioma,512x512,1693
2535,MR029209I,2,glioma,512x512,1258
2536,MR029209I,2,glioma,512x512,1189
2537,MR029209I,2,glioma,512x512,1074
2538,MR029209I,2,glioma,512x512,956
2539,MR029209I,2,glioma,512x512,933
2540,MR048294,2,glioma,512x512,56
2541,MR048294,2,glioma,512x512,130
2542,MR048294,2,glioma,512x512,504
2543,MR048294,2,glioma,512x512,587
2544,MR048294,2,glioma,512x512,613
2545,MR048294,2,glioma,512x512,529
2546,MR051586,2,glioma,512x512,1251
2547,MR051586,2,glioma,512x512,1224
2548,MR051586,2,glioma,512x512,1043
2549,MR051586,2,glioma,512x512,1037
2550,MR051461B,2,glioma,512x512,415
2551,MR051461B,2,glioma,512x512,367
2552,MR051461B,2,glioma,512x512,411
2553,MR051461B,2,glioma,512x512,413
2554,MR051644,2,glioma,512x512,146
2555,MR051644,2,glioma,512x512,438
2556,MR051644,2,glioma,512x512,1447
2557,MR051644,2,glioma,512x512,1238
2558,MR051644,2,glioma,512x512,693
2559,MR051644,2,glioma,512x512,1615
2560,MR051644,2,glioma,512x512,1764
2561,MR051644,2,glioma,512x512,1821
2562,MR051644,2,glioma,512x512,1711
2563,MR051644,2,glioma,512x512,2089
2564,MR051644,2,glioma,512x512,2813
2565,MR051644,2,glioma,512x512,2619
2566,MR051651,2,glioma,512x512,258
2567,MR051651,2,glioma,512x512,581
2568,MR051651,2,glioma,512x512,908
2569,MR051651,2,glioma,512x512,1028
2570,MR051651,2,glioma,512x512,1013
2571,MR051651,2,glioma,512x512,887
2572,MR051651,2,glioma,512x512,454
2573,MR051796,2,glioma,512x512,796
2574,MR051796,2,glioma,512x512,1101
2575,MR051796,2,glioma,512x512,1353
2576,MR051796,2,glioma,512x512,1544
2577,MR051796,2,glioma,512x512,1158
2578,MR051796,2,glioma,512x512,657
2579,MR051651B,2,glioma,512x512,364
2580,MR051651B,2,glioma,512x512,633
2581,MR051651B,2,glioma,512x512,723
2582,MR051651B,2,glioma,512x512,784
2583,MR051651B,2,glioma,512x512,509
2584,MR051651B,2,glioma,512x512,481
2585,MR051651B,2,glioma,512x512,601
2586,MR051796B,2,glioma,512x512,916
2587,MR051796B,2,glioma,512x512,875
2588,MR051796B,2,glioma,512x512,311
2589,MR052550,2,glioma,512x512,436
2590,MR052550,2,glioma,512x512,635
2591,MR052550,2,glioma,512x512,707
2592,MR052550,2,glioma,512x512,821
2593,MR052550,2,glioma,512x512,734
2594,MR052550,2,glioma,512x512,575
2595,MR051644C,2,glioma,512x512,612
2596,MR051644C,2,glioma,512x512,637
2597,MR051644C,2,glioma,512x512,860
2598,MR051644C,2,glioma,512x512,795
2599,MR051644C,2,glioma,512x512,498
2600,MR051644C,2,glioma,512x512,2609
2601,MR051644C,2,glioma,512x512,2376
2602,MR051644C,2,glioma,512x512,1612
2603,MR051644C,2,glioma,512x512,1490
2604,MR051644C,2,glioma,512x512,1523
2605,MR051644C,2,glioma,512x512,1337
2606,MR051644C,2,glioma,512x512,2454
2607,MR051644C,2,glioma,512x512,1857
2608,MR049942B,2,glioma,512x512,1471
2609,MR049942B,2,glioma,512x512,788
2610,MR049942B,2,glioma,512x512,1094
2611,MR049942B,2,glioma,512x512,673
2612,MR047953C,2,glioma,512x512,114
2613,MR047953C,2,glioma,512x512,244
2614,MR047953C,2,glioma,512x512,190
2615,MR047953C,2,glioma,512x512,167
2616,MR047953C,2,glioma,512x512,157
2617,MR053110B,2,glioma,512x512,1306
2618,MR053110B,2,glioma,512x512,1408
2619,MR053110B,2,glioma,512x512,1824
2620,MR053110B,2,glioma,512x512,1685
2621,MR053110B,2,glioma,512x512,1480
2622,MR053110B,2,glioma,512x512,1422
2623,MR053110B,2,glioma,512x512,1411
2624,MR034694,2,glioma,512x512,466
2625,MR034694,2,glioma,512x512,468
2626,MR034694,2,glioma,512x512,1022
2627,MR034694,2,glioma,512x512,600
2628,MR034694,2,glioma,512x512,1189
2629,MR034694,2,glioma,512x512,1268
2630,MR034694,2,glioma,512x512,892
2631,MR054683,2,glioma,512x512,248
2632,MR054683,2,glioma,512x512,487
2633,MR054683,2,glioma,512x512,317
2634,MR050687C,2,glioma,512x512,930
2635,MR050687C,2,glioma,512x512,1399
2636,MR050687C,2,glioma,512x512,1413
2637,MR050687C,2,glioma,512x512,1408
2638,MR050687C,2,glioma,512x512,1326
2639,MR050687C,2,glioma,512x512,1046
2640,MR050687C,2,glioma,512x512,577
2641,MR049242C,2,glioma,512x512,247
2642,MR049242C,2,glioma,512x512,180
2643,MR049242C,2,glioma,512x512,297
2644,MR049242C,2,glioma,512x512,286
2645,MR049242C,2,glioma,512x512,460
2646,MR053241C,2,glioma,512x512,417
2647,MR053241C,2,glioma,512x512,285
2648,MR053241C,2,glioma,512x512,238
2649,MR053241C,2,glioma,512x512,258
2650,MR034997,2,glioma,512x512,508
2651,MR034997,2,glioma,512x512,1104
2652,MR034997,2,glioma,512x512,1220
2653,MR034997,2,glioma,512x512,1132
2654,MR034997,2,glioma,512x512,1266
2655,MR034997,2,glioma,512x512,1025
2656,MR034997,2,glioma,512x512,805
2657,MR029209E,2,glioma,512x512,2115
2658,MR029209E,2,glioma,512x512,1909
2659,MR029209E,2,glioma,512x512,1810
2660,MR029209E,2,glioma,512x512,1440
2661,MR029209E,2,glioma,512x512,1032
2662,MR029209E,2,glioma,512x512,933
2663,MR029209E,2,glioma,512x512,520
2664,MR053110E,2,glioma,512x512,838
2665,MR053110E,2,glioma,512x512,1178
2666,MR053110E,2,glioma,512x512,890
2667,MR053110E,2,glioma,512x512,1400
2668,MR053110E,2,glioma,512x512,1410
2669,MR053110E,2,glioma,512x512,1632
2670,MR053110E,2,glioma,512x512,1799
2671,MR053110E,2,glioma,512x512,1538
2672,MR053110E,2,glioma,512x512,2241
2673,MR053110E,2,glioma,512x512,1919
2674,MR053110E,2,glioma,512x512,1661
2675,MR049019G,2,glioma,512x512,978
2676,MR049019G,2,glioma,512x512,1175
2677,MR049019G,2,glioma,512x512,1352
2678,MR031409B,2,glioma,512x512,423
2679,MR031409B,2,glioma,512x512,282
2680,MR024780D,2,glioma,512x512,296
2681,MR024780D,2,glioma,512x512,215
2682,MR038469,2,glioma,512x512,382
2683,MR038469,2,glioma,512x512,589
2684,MR038469,2,glioma,512x512,464
2685,MR038469,2,glioma,512x512,369
2686,MR038469,2,glioma,512x512,203
2687,MR038469,2,glioma,512x512,165
2688,MR032322C,2,glioma,512x512,632
2689,MR032322C,2,glioma,512x512,1018
2690,MR032322C,2,glioma,512x512,1086
2691,MR032322C,2,glioma,512x512,898
2692,MR032322C,2,glioma,512x512,803
2693,MR032322C,2,glioma,512x512,344
2694,MR032322C,2,glioma,512x512,1239
2695,MR032322C,2,glioma,512x512,2081
2696,MR032322C,2,glioma,512x512,2265
2697,MR032322C,2,glioma,512x512,1996
2698,MR032322C,2,glioma,512x512,2460
2699,MR032322C,2,glioma,512x512,2011
2700,MR032322C,2,glioma,512x512,1155
2701,MR032322C,2,glioma,512x512,1131
2702,MR037458B,2,glioma,512x512,129
2703,MR037458B,2,glioma,512x512,329
2704,MR037458B,2,glioma,512x512,636
2705,MR037458B,2,glioma,512x512,1017
2706,MR037458B,2,glioma,512x512,874
2707,MR037458B,2,glioma,512x512,562
2708,MR037458B,2,glioma,512x512,264
2709,MR037458B,2,glioma,512x512,321
2710,MR039473,2,glioma,512x512,1382
2711,MR039473,2,glioma,512x512,1227
2712,MR039473,2,glioma,512x512,873
2713,MR039473,2,glioma,512x512,719
2714,MR039473B,2,glioma,512x512,418
2715,MR039473B,2,glioma,512x512,517
2716,MR039473B,2,glioma,512x512,814
2717,MR039473B,2,glioma,512x512,708
2718,MR039473B,2,glioma,512x512,940
2719,MR039473B,2,glioma,512x512,1000
2720,MR039473B,2,glioma,512x512,1248
2721,MR039473B,2,glioma,512x512,1221
2722,MR039473B,2,glioma,512x512,1362
2723,MR037458C,2,glioma,512x512,1253
2724,MR037458C,2,glioma,512x512,1965
2725,MR037458C,2,glioma,512x512,1705
2726,MR037458C,2,glioma,512x512,2626
2727,MR037458C,2,glioma,512x512,2752
2728,MR037458C,2,glioma,512x512,2391
2729,MR037458C,2,glioma,512x512,1910
2730,MR037458C,2,glioma,512x512,1293
2731,MR029209E,2,glioma,512x512,454
2732,MR029209E,2,glioma,512x512,431
2733,MR029209E,2,glioma,512x512,1098
2734,MR029209E,2,glioma,512x512,1639
2735,MR029209E,2,glioma,512x512,1156
2736,MR029209E,2,glioma,512x512,1797
2737,MR029209E,2,glioma,512x512,271
2738,MR053110E,2,glioma,512x512,1991
2739,MR053110E,2,glioma,512x512,1641
2740,MR053110E,2,glioma,512x512,1776
2741,MR053110E,2,glioma,512x512,1897
2742,MR053110E,2,glioma,512x512,1102
2743,MR049019G,2,glioma,512x512,646
2744,MR049019G,2,glioma,512x512,723
2745,MR049019G,2,glioma,512x512,1962
2746,MR049019G,2,glioma,512x512,1222
2747,MR049019G,2,glioma,512x512,441
2748,MR031409B,2,glioma,512x512,224
2749,MR031409B,2,glioma,512x512,195
2750,MR024780D,2,glioma,512x512,144
2751,MR024780D,2,glioma,512x512,147
2752,MR024780D,2,glioma,512x512,114
2753,MR038469,2,glioma,512x512,92
2754,MR038469,2,glioma,512x512,267
2755,MR038469,2,glioma,512x512,200
2756,MR038469,2,glioma,512x512,98
2757,MR038469,2,glioma,512x512,71
2758,MR032322C,2,glioma,512x512,974
2759,MR032322C,2,glioma,512x512,2538
2760,MR032322C,2,glioma,512x512,1068
2761,MR032322C,2,glioma,512x512,3750
2762,MR032322C,2,glioma,512x512,4174
2763,MR032322C,2,glioma,512x512,4872
2764,MR032322C,2,glioma,512x512,3509
2765,MR032322C,2,glioma,512x512,3649
2766,MR032322C,2,glioma,512x512,1819
2767,MR032322C,2,glioma,512x512,2454
2768,MR032322C,2,glioma,512x512,2893
2769,MR037458B,2,glioma,512x512,708
2770,MR037458B,2,glioma,512x512,362
2771,MR037458B,2,glioma,512x512,1267
2772,MR037458B,2,glioma,512x512,911
2773,MR037458B,2,glioma,512x512,888
2774,MR039473,2,glioma,512x512,449
2775,MR039473,2,glioma,512x512,830
2776,MR039473,2,glioma,512x512,1090
2777,MR039473,2,glioma,512x512,1355
2778,MR039473,2,glioma,512x512,1396
2779,MR039473,2,glioma,512x512,1620
2780,MR039473B,2,glioma,512x512,343
2781,MR039473B,2,glioma,512x512,475
2782,MR039473B,2,glioma,512x512,704
2783,MR039473B,2,glioma,512x512,1126
2784,MR039473B,2,glioma,512x512,965
2785,MR039473B,2,glioma,512x512,781
2786,MR039473B,2,glioma,512x512,1249
2787,MR040240,2,glioma,512x512,1210
2788,MR040240,2,glioma,512x512,726
2789,MR040240,2,glioma,512x512,2557
2790,MR040240,2,glioma,512x512,2641
2791,MR040240,2,glioma,512x512,1947
2792,MR040240,2,glioma,512x512,897
2793,MR040240,2,glioma,512x512,780
2794,MR040240,2,glioma,512x512,348
2795,MR040240B,2,glioma,512x512,2779
2796,MR040240B,2,glioma,512x512,3188
2797,MR040240B,2,glioma,512x512,2703
2798,MR040240B,2,glioma,512x512,640
2799,MR040240B,2,glioma,512x512,952
2800,MR029209G,2,glioma,512x512,816
2801,MR029209G,2,glioma,512x512,1112
2802,MR029209G,2,glioma,512x512,880
2803,MR029209G,2,glioma,512x512,909
2804,MR029209G,2,glioma,512x512,327
2805,MR036496B,2,glioma,512x512,1007
2806,MR036496B,2,glioma,512x512,1472
2807,MR036496B,2,glioma,512x512,491
2808,MR036496B,2,glioma,512x512,288
2809,MR033420,2,glioma,512x512,502
2810,MR033420,2,glioma,512x512,518
2811,MR033420,2,glioma,512x512,1007
2812,MR033420,2,glioma,512x512,1603
2813,MR033420,2,glioma,512x512,2183
2814,MR033420,2,glioma,512x512,2100
2815,MR033420,2,glioma,512x512,2237
2816,MR033420,2,glioma,512x512,643
2817,MR024780B,2,glioma,512x512,573
2818,MR024780B,2,glioma,512x512,291
2819,MR024780B,2,glioma,512x512,370
2820,MR024780B,2,glioma,512x512,230
2821,MR033389B,2,glioma,512x512,2238
2822,MR048294,2,glioma,512x512,290
2823,MR048297,2,glioma,512x512,63
2824,MR048297,2,glioma,512x512,61
2825,MR048297,2,glioma,512x512,287
2826,MR048297,2,glioma,512x512,363
2827,MR048297,2,glioma,512x512,300
2828,MR048297,2,glioma,512x512,277
2829,MR048297,2,glioma,512x512,273
2830,MR048297,2,glioma,512x512,145
2831,MR048294B,2,glioma,512x512,878
2832,MR048294B,2,glioma,512x512,280
2833,MR048294B,2,glioma,512x512,532
2834,MR048294B,2,glioma,512x512,524
2835,MR048294B,2,glioma,512x512,152
2836,MR048294B,2,glioma,512x512,72
2837,MR048621B,2,glioma,512x512,409
2838,MR048621B,2,glioma,512x512,1124
2839,MR048621B,2,glioma,512x512,1495
2840,MR048944,2,glioma,512x512,1054
2841,MR048944,2,glioma,512x512,2130
2842,MR048944,2,glioma,512x512,1231
2843,MR048944,2,glioma,512x512,1149
2844,MR048944,2,glioma,512x512,750
2845,MR048944,2,glioma,512x512,454
2846,MR048994,2,glioma,512x512,389
2847,MR048994,2,glioma,512x512,1566
2848,MR048994,2,glioma,512x512,2350
2849,MR048994,2,glioma,512x512,2356
2850,MR048994,2,glioma,512x512,1903
2851,MR048994,2,glioma,512x512,1978
2852,MR048994,2,glioma,512x512,1174
2853,MR048994,2,glioma,512x512,697
2854,MR049104,2,glioma,512x512,248
2855,MR049104,2,glioma,512x512,372
2856,MR049104,2,glioma,512x512,190
2857,MR049104,2,glioma,512x512,127
2858,MR049142,2,glioma,512x512,587
2859,MR049142,2,glioma,512x512,683
2860,MR049142,2,glioma,512x512,629
2861,MR048994B,2,glioma,512x512,418
2862,MR048994B,2,glioma,512x512,477
2863,MR048994B,2,glioma,512x512,663
2864,MR048994B,2,glioma,512x512,714
2865,MR048994B,2,glioma,512x512,158
2866,MR049358,2,glioma,512x512,434
2867,MR049358,2,glioma,512x512,1150
2868,MR049358,2,glioma,512x512,2091
2869,MR049358,2,glioma,512x512,2696
2870,MR049358,2,glioma,512x512,2569
2871,MR049358,2,glioma,512x512,1996
2872,MR049358,2,glioma,512x512,977
2873,MR049104B,2,glioma,512x512,141
2874,MR049104B,2,glioma,512x512,317
2875,MR049104B,2,glioma,512x512,308
2876,MR049453,2,glioma,512x512,345
2877,MR049453,2,glioma,512x512,900
2878,MR049453,2,glioma,512x512,1423
2879,MR049453,2,glioma,512x512,2338
2880,MR049453,2,glioma,512x512,1598
2881,MR049453,2,glioma,512x512,1501
2882,MR049453,2,glioma,512x512,2107
2883,MR049453,2,glioma,512x512,233
2884,MR049453,2,glioma,512x512,307
2885,MR024780G,2,glioma,512x512,212
2886,MR024780G,2,glioma,512x512,572
2887,MR024780G,2,glioma,512x512,1387
2888,MR024780G,2,glioma,512x512,1288
2889,MR024780G,2,glioma,512x512,807
2890,MR024780G,2,glioma,512x512,1673
2891,MR050135B,2,glioma,512x512,582
2892,MR050135B,2,glioma,512x512,774
2893,MR050135B,2,glioma,512x512,989
2894,MR050135B,2,glioma,512x512,2132
2895,MR050135B,2,glioma,512x512,222
2896,MR050135B,2,glioma,512x512,624
2897,MR050135B,2,glioma,512x512,816
2898,MR050135B,2,glioma,512x512,635
2899,MR050135B,2,glioma,512x512,291
2900,MR050687,2,glioma,512x512,511
2901,MR050687,2,glioma,512x512,907
2902,MR050687,2,glioma,512x512,1125
2903,MR050687,2,glioma,512x512,1012
2904,MR050687,2,glioma,512x512,792
2905,MR050687,2,glioma,512x512,573
2906,MR050791B,2,glioma,512x512,145
2907,MR050791B,2,glioma,512x512,467
2908,MR050791B,2,glioma,512x512,707
2909,MR050791B,2,glioma,512x512,1030
2910,MR050791B,2,glioma,512x512,764
2911,MR050791B,2,glioma,512x512,507
2912,MR050791B,2,glioma,512x512,517
2913,MR050791B,2,glioma,512x512,359
2914,MR049019C,2,glioma,512x512,78
2915,MR049019C,2,glioma,512x512,262
2916,MR049019C,2,glioma,512x512,310
2917,MR049019C,2,glioma,512x512,349
2918,MR051461,2,glioma,512x512,1243
2919,MR051461,2,glioma,512x512,1588
2920,MR051461,2,glioma,512x512,1771
2921,MR051461,2,glioma,512x512,1451
2922,MR051461,2,glioma,512x512,1292
2923,MR051461,2,glioma,512x512,892
2924,MR051461,2,glioma,512x512,538
2925,MR051586,2,glioma,512x512,175
2926,MR051586,2,glioma,512x512,401
2927,MR051586,2,glioma,512x512,398
2928,MR051586,2,glioma,512x512,1195
2929,MR051586,2,glioma,512x512,811
2930,MR051586,2,glioma,512x512,740
2931,MR051586,2,glioma,512x512,686
2932,MR051586,2,glioma,512x512,636
2933,MR051586,2,glioma,512x512,396
2934,MR051644,2,glioma,512x512,1657
2935,MR051644,2,glioma,512x512,1531
2936,MR051644,2,glioma,512x512,1660
2937,MR051644,2,glioma,512x512,1822
2938,MR051644,2,glioma,512x512,2532
2939,MR051644,2,glioma,512x512,2993
2940,MR051644,2,glioma,512x512,3020
2941,MR051644,2,glioma,512x512,2564
2942,MR051644,2,glioma,512x512,1657
2943,MR051644,2,glioma,512x512,800
2944,MR051651,2,glioma,512x512,765
2945,MR051651,2,glioma,512x512,1250
2946,MR051651,2,glioma,512x512,1142
2947,MR051651,2,glioma,512x512,685
2948,MR051796,2,glioma,512x512,1261
2949,MR051796,2,glioma,512x512,1888
2950,MR051796,2,glioma,512x512,2038
2951,MR051796,2,glioma,512x512,1740
2952,MR051796,2,glioma,512x512,1180
2953,MR051796,2,glioma,512x512,528
2954,MR051796,2,glioma,512x512,215
2955,MR051651B,2,glioma,512x512,492
2956,MR051651B,2,glioma,512x512,1118
2957,MR051651B,2,glioma,512x512,1030
2958,MR051651B,2,glioma,512x512,1141
2959,MR051651B,2,glioma,512x512,1123
2960,MR051651B,2,glioma,512x512,754
2961,MR051644B,2,glioma,512x512,603
2962,MR051644B,2,glioma,512x512,474
2963,MR051644B,2,glioma,512x512,1480
2964,MR051644B,2,glioma,512x512,1874
2965,MR051644B,2,glioma,512x512,1679
2966,MR051644B,2,glioma,512x512,269
2967,MR051644B,2,glioma,512x512,951
2968,MR051644B,2,glioma,512x512,822
2969,MR051644B,2,glioma,512x512,1004
2970,MR051796B,2,glioma,512x512,869
2971,MR051796B,2,glioma,512x512,942
2972,MR051796B,2,glioma,512x512,551
2973,MR051796B,2,glioma,512x512,260
2974,MR051796B,2,glioma,512x512,219
2975,MR052550,2,glioma,512x512,151
2976,MR052550,2,glioma,512x512,236
2977,MR052550,2,glioma,512x512,356
2978,MR052550,2,glioma,512x512,528
2979,MR052550,2,glioma,512x512,611
2980,MR052550,2,glioma,512x512,607
2981,MR052550,2,glioma,512x512,473
2982,MR052550,2,glioma,512x512,228
2983,MR051644C,2,glioma,512x512,954
2984,MR051644C,2,glioma,512x512,1159
2985,MR051644C,2,glioma,512x512,1258
2986,MR051644C,2,glioma,512x512,891
2987,MR051644C,2,glioma,512x512,2201
2988,MR051644C,2,glioma,512x512,2693
2989,MR051644C,2,glioma,512x512,4077
2990,MR051644C,2,glioma,512x512,2109
2991,MR051644C,2,glioma,512x512,2399
2992,MR051644C,2,glioma,512x512,2232
2993,MR049942B,2,glioma,512x512,571
2994,MR049942B,2,glioma,512x512,825
2995,MR049942B,2,glioma,512x512,911
2996,MR052585B,2,glioma,512x512,282
2997,MR052585B,2,glioma,512x512,272
2998,MR052585B,2,glioma,512x512,1413
2999,MR053110B,2,glioma,512x512,982
3000,MR053110B,2,glioma,512x512,1278
3001,MR053110B,2,glioma,512x512,1562
3002,MR053110B,2,glioma,512x512,1922
3003,MR053110B,2,glioma,512x512,1354
3004,MR053110B,2,glioma,512x512,66
3005,MR034694,2,glioma,512x512,506
3006,MR034694,2,glioma,512x512,918
3007,MR034694,2,glioma,512x512,813
3008,MR034694,2,glioma,512x512,797
3009,MR054875,2,glioma,512x512,414
3010,MR054875,2,glioma,512x512,470
3011,MR054875,2,glioma,512x512,194
3012,MR054875,2,glioma,512x512,326
3013,MR054875,2,glioma,512x512,369
3014,MR050687C,2,glioma,512x512,975
3015,MR050687C,2,glioma,512x512,1168
3016,MR050687C,2,glioma,512x512,1329
3017,MR050687C,2,glioma,512x512,1725
3018,MR050687C,2,glioma,512x512,1661
3019,MR050687C,2,glioma,512x512,697
3020,MR056144,2,glioma,512x512,614
3021,MR056144,2,glioma,512x512,472
3022,MR034997,2,glioma,512x512,315
3023,MR034997,2,glioma,512x512,665
3024,MR034997,2,glioma,512x512,1087
3025,MR034997,2,glioma,512x512,1241
3026,MR034997,2,glioma,512x512,969
3027,MR034997,2,glioma,512x512,651
3028,MR034997,2,glioma,512x512,127
3029,MR029209E,2,glioma,512x512,764
3030,53669,1,meningioma,512x512,1013
3031,MR033389B,2,glioma,512x512,3239
3032,MR033389B,2,glioma,512x512,3839
3033,MR033389B,2,glioma,512x512,3630
3034,MR033389B,2,glioma,512x512,3233
3035,MR033389B,2,glioma,512x512,1709
3036,MR033389B,2,glioma,512x512,389
3037,MR033389B,2,glioma,512x512,561
3038,MR033389B,2,glioma,512x512,481
3039,MR024780E,2,glioma,512x512,59
3040,MR024780E,2,glioma,512x512,148
3041,MR024780E,2,glioma,512x512,122
3042,MR040240C,2,glioma,512x512,1069
3043,MR040240C,2,glioma,512x512,768
3044,MR040240C,2,glioma,512x512,1700
3045,MR040240C,2,glioma,512x512,1510
3046,MR040240C,2,glioma,512x512,841
3047,MR040240D,2,glioma,512x512,154
3048,MR040240D,2,glioma,512x512,98
3049,MR017260F,2,glioma,512x512,435
3050,MR017260F,2,glioma,512x512,1085
3051,MR017260F,2,glioma,512x512,1799
3052,MR017260F,2,glioma,512x512,2165
3053,MR017260F,2,glioma,512x512,2517
3054,MR017260F,2,glioma,512x512,2835
3055,MR017260F,2,glioma,512x512,2535
3056,MR029209I,2,glioma,512x512,779
3057,MR029209I,2,glioma,512x512,979
3058,MR029209I,2,glioma,512x512,1693
3059,MR029209I,2,glioma,512x512,1602
3060,MR029209I,2,glioma,512x512,1519
3061,MR029209I,2,glioma,512x512,872
3062,MR029209I,2,glioma,512x512,111
3063,95969,1,meningioma,512x512,320
3064,88510,1,meningioma,512x512,639
