seed,split,fold,idx,del_gradcam,ins_gradcam,del_random,ins_random
42,fold_honest,0,207,0.4711193660712487,0.9834522899865097,0.13962873421019606,0.12817725517230172
42,fold_honest,0,91,0.4759175170519465,0.9807243193891755,0.22554501124487816,0.43108031829155047
42,fold_honest,0,2321,0.6572924221928792,0.8813403955098285,0.7356597786229959,0.9316493415746516
42,fold_honest,0,2270,0.6082834056358812,0.9741666184133038,0.7616661312403064,0.949604309588666
42,fold_honest,0,1936,0.7405402301561219,0.946156577770218,0.7831689447748988,0.8987888885728483
42,fold_honest,0,2324,0.5802684590937355,0.9704612405122524,0.7718899462440965,0.9465543368661407
42,fold_honest,0,272,0.5365521066533451,0.9115471500090837,0.1198533396010524,0.1126151232747547
42,fold_honest,0,1414,0.644886114184949,0.9917393561253058,0.4717505729845749,0.7657026177113614
42,fold_honest,0,249,0.3468740230547359,0.6388649660574238,0.11554433926157427,0.04983966139195905
42,fold_honest,0,731,0.5586328054592666,0.7585067799046389,0.7993318632230808,0.9467197148128156
42,fold_honest,0,1415,0.6629730890108847,0.9868946488476263,0.5135445722609838,0.7222901343353738
42,fold_honest,0,2122,0.7322686627264875,0.9261517890028736,0.8589689063136372,0.9604243643900228
42,fold_honest,0,1491,0.46174203490806337,0.9698245519194848,0.5733792515951494,0.7697494009109356
42,fold_honest,0,740,0.4639251209689751,0.8434640652249444,0.6897184281949695,0.8730883030399053
42,fold_honest,0,2078,0.7248599223046543,0.9420234605768573,0.8992845994391839,0.9532917578733165
42,fold_honest,0,989,0.7036669784013482,0.9829798128862143,0.5393673122975718,0.6754654593562602
42,fold_honest,0,124,0.4137567976454471,0.772873668068407,0.08222462358731272,0.046587473633243635
42,fold_honest,0,82,0.47138844003912167,0.9899634385376942,0.0872421343921759,0.08545636022373236
42,fold_honest,0,1738,0.7699168228332848,0.9866742533429679,0.5938375846242855,0.7406496668536792
42,fold_honest,0,1839,0.36885407542018694,0.9724919550674397,0.5885864124394007,0.5111551703576341
42,fold_honest,0,71,0.46724061795693883,0.9910635180410226,0.12307149850278862,0.1755571025826853
42,fold_honest,0,1545,0.3950344167753094,0.9837426894239855,0.39556119759102015,0.4824439838038026
42,fold_honest,0,2221,0.6507906934444802,0.9270246863589094,0.8765055384553437,0.9449092840614886
42,fold_honest,0,1673,0.752674897311835,0.9922164895106107,0.6068348941091467,0.7590725084057562
42,fold_honest,0,1815,0.06690805356113427,0.8768272039887961,0.352918714508447,0.34777187422017103
42,fold_honest,0,735,0.5013670209347988,0.704851157882498,0.10061988982395595,0.035789144667402836
42,fold_honest,0,1629,0.24022806740114383,0.9268752137123019,0.4340537980095512,0.4966774589170664
42,fold_honest,0,45,0.42107030107306814,0.955658177709758,0.09359338365089681,0.11447359360261787
42,fold_honest,0,449,0.37159749598790126,0.7713809123022803,0.10198603439213763,0.03280874482082333
42,fold_honest,0,2570,0.5697181372949616,0.9319574618225024,0.8131367355223972,0.9437280880341933
42,fold_honest,0,349,0.3284340809295827,0.9752856164574337,0.09219820448943582,0.039413790202149586
42,fold_honest,0,99,0.2559603177620857,0.9146782711275367,0.06874288907520353,0.055923679350371465
42,fold_honest,0,32,0.39955833574313887,0.9101720518213983,0.10710846930331692,0.0363425463094085
42,fold_honest,0,2657,0.6033513787165711,0.9594202004260222,0.7296919868391823,0.9480676652384893
42,fold_honest,0,775,0.32675817765366166,0.6251478450116227,0.7329263737073586,0.9340642079834504
42,fold_honest,0,507,0.5139941633570576,0.9463661362123628,0.08711632031905278,0.10714877121894954
42,fold_honest,0,2803,0.6685631614177231,0.9649855118935065,0.6452801284743759,0.9435423263301123
42,fold_honest,0,1741,0.5359230712035372,0.9732347195041462,0.397002040336683,0.4922098594917251
42,fold_honest,0,1108,0.7155335794282573,0.9528774426340088,0.6787677659692923,0.7016107892131729
42,fold_honest,0,2462,0.5460830830092238,0.9772533692938646,0.8185893787137632,0.9530687059747407
42,fold_honest,0,1548,0.37227809896760344,0.9409119417203106,0.5146274569902298,0.5785271815619459
42,fold_honest,0,1176,0.703506071167423,0.9628994896561287,0.6338866130937109,0.7029950254197631
42,fold_honest,0,2031,0.6626996928178561,0.9141972743839558,0.9174407867605474,0.8912316045571802
42,fold_honest,0,1706,0.4650454631460444,0.9663748470181363,0.5415486001245658,0.4257228239252332
42,fold_honest,0,47,0.48428691397685364,0.991668415692996,0.08811865369313766,0.2103520943654131
42,fold_honest,0,782,0.5615034866347501,0.9712389047463705,0.7777736341777942,0.9497495939021416
42,fold_honest,0,1517,0.559114767744548,0.9603777419661685,0.4490424074548563,0.4859621965919434
42,fold_honest,0,1813,0.136595325524579,0.9688102782885687,0.46386398161150877,0.3132453725359353
42,fold_honest,0,1547,0.4107275081129344,0.9618901517111523,0.4625762924260926,0.5151404290553895
42,fold_honest,0,1413,0.6191460398879324,0.9850430880751632,0.413717632590287,0.7288876797306608
42,fold_honest,1,2344,0.5919037003634967,0.9759667720954522,0.5187838130134006,0.923445438914184
42,fold_honest,1,37,0.43619858290927666,0.9432421699023747,0.6928536199883805,0.8098630097181517
42,fold_honest,1,2846,0.277135693736176,0.9801326238779514,0.4372006746000676,0.8336403338851559
42,fold_honest,1,1891,0.40046414938827796,0.9866234756494179,0.5205823954376534,0.9507041460310575
42,fold_honest,1,2639,0.4282027185175566,0.9660675125481676,0.4442233728929138,0.8357563172553175
42,fold_honest,1,5,0.2555343910758633,0.6230478235365995,0.19266978871672444,0.07486265526840355
42,fold_honest,1,1872,0.5612288066272134,0.8308442343646044,0.6292813262006514,0.8644790298421867
42,fold_honest,1,2317,0.4778469985140706,0.9207341759265175,0.41789467262260954,0.8027807498788485
42,fold_honest,1,1564,0.436668387232871,0.973216283808662,0.6635832080049725,0.6287723220457152
42,fold_honest,1,1574,0.2191071965390082,0.9761525552460868,0.7127287259161453,0.5581952187735161
42,fold_honest,1,1520,0.25327321342306924,0.9704625725815055,0.6430728289569557,0.5560360566406435
42,fold_honest,1,2490,0.5119276501853685,0.9693103719963597,0.39355456825982477,0.827301578090778
42,fold_honest,1,1161,0.3137671667115256,0.9281599206353385,0.7042536062707565,0.5691212826962013
42,fold_honest,1,2248,0.5725066914265899,0.9254329821533804,0.469861155769037,0.8402239920414641
42,fold_honest,1,1702,0.5574890567522558,0.9836952520311069,0.7800695705126581,0.8219861016924759
42,fold_honest,1,1876,0.3604521275422541,0.9528515518783136,0.44990745358518325,0.7936242193218834
42,fold_honest,1,1678,0.4585201484017545,0.9881870717639387,0.7379091997667719,0.7667539405609168
42,fold_honest,1,2641,0.44457493849604734,0.976599667031242,0.5206566809365355,0.886199798740266
42,fold_honest,1,2413,0.43234303519970196,0.9625159216253563,0.42850719865979336,0.8507581371816983
42,fold_honest,1,3031,0.4119585918018188,0.9255701759408037,0.3235215717886233,0.819512829468146
42,fold_honest,1,39,0.23554127958443724,0.908416150421099,0.6087718699501627,0.7651693315900938
42,fold_honest,1,1513,0.29937387741249827,0.9635259303708599,0.7407678507662815,0.7135843164994314
42,fold_honest,1,2347,0.48896899874314986,0.9172602571218573,0.4456467687185588,0.8779182476422166
42,fold_honest,1,1227,0.3265902438205168,0.9954911363251716,0.6802524594696683,0.619030020885735
42,fold_honest,1,2107,0.6032718727691811,0.8534372047227462,0.6269283265449173,0.5897682551398508
42,fold_honest,1,2642,0.5474682509494062,0.9677785632482074,0.4912664714852604,0.9079381133018688
42,fold_honest,1,2679,0.5983235494480754,0.9745764456634713,0.49215883099264945,0.9118145971665307
42,fold_honest,1,2975,0.3685931072441421,0.9632795970472364,0.3405726077946792,0.814402842028506
42,fold_honest,1,1784,0.3343065270715409,0.9951897264655432,0.73491181637581,0.5609974254235122
42,fold_honest,1,2439,0.36174118826453866,0.8667433625957287,0.44531885806794225,0.8398688624381938
42,fold_honest,1,447,0.39351032033430655,0.5080403297701549,0.1525099631829534,0.0691432117789135
42,fold_honest,1,8,0.48203410532020213,0.8063681139503796,0.1985118073378321,0.08396899780033278
42,fold_honest,1,1102,0.2876899362329693,0.9759537278251647,0.7498459628948286,0.6103765397886175
42,fold_honest,1,1682,0.31996802316038786,0.9856701983989463,0.6682323221211103,0.7201347980293094
42,fold_honest,1,2860,0.49363090394109926,0.9801816667836369,0.3877412738713284,0.8795171349537465
42,fold_honest,1,2250,0.5748249983037251,0.9474799008506924,0.4112879701448149,0.8706877498224624
42,fold_honest,1,193,0.5015152079796855,0.9349796457693684,0.23734989266590764,0.38257069291878965
42,fold_honest,1,1199,0.45009044659881126,0.9827382258039767,0.7276962700802406,0.7072519249697359
42,fold_honest,1,2977,0.6004393707776123,0.9716363454205507,0.3430776551727572,0.8229073699621949
42,fold_honest,1,410,0.46074978182358406,0.9307280989216489,0.27043491759074956,0.2158627132963115
42,fold_honest,1,791,0.36065706514577583,0.6861207390973838,0.24061900999308541,0.06591285637871491
42,fold_honest,1,192,0.5059552649668613,0.9471087225235295,0.19763412308132,0.17534223165057483
42,fold_honest,1,1526,0.2268892190492032,0.896643426617351,0.5929297147908519,0.5755886898105205
42,fold_honest,1,1976,0.656202867585567,0.9381918521355648,0.7903859970950977,0.9041973077799004
42,fold_honest,1,2861,0.5459297925782656,0.9541984889543453,0.3353925517846935,0.8349315349436698
42,fold_honest,1,33,0.5004432231632693,0.9400079498407242,0.24518281106073267,0.18067176462626575
42,fold_honest,1,1753,0.15215072555942502,0.9975000135232315,0.6113363913012722,0.6760140782737707
42,fold_honest,1,1336,0.43780290647525677,0.8772904656242997,0.7126851596261319,0.7487699309350895
42,fold_honest,1,2437,0.46792187948731406,0.9477428409553962,0.456961207082899,0.8723918494562931
42,fold_honest,1,839,0.4691931519319413,0.8199529813254955,0.22650111616382432,0.16976727459575847
42,fold_honest,2,279,0.6331465026679715,0.9868504022252842,0.2647318042739299,0.14954362993309164
42,fold_honest,2,604,0.6748179813599859,0.9147732722096629,0.22484784903140187,0.12022100141953442
42,fold_honest,2,801,0.46661131368054326,0.9745520573579801,0.4173557886530702,0.8808795811643476
42,fold_honest,2,1945,0.6518604350109983,0.9381394590995374,0.6731858045297523,0.8145746506646049
42,fold_honest,2,2949,0.45722141990091236,0.9482013730301666,0.37801159728450306,0.8956745359782314
42,fold_honest,2,2618,0.6354630122047954,0.9537441642763098,0.4175608099577236,0.8681136433513863
42,fold_honest,2,1776,0.1283413041121873,0.9704205659325045,0.5408518656506797,0.4444841930654009
42,fold_honest,2,354,0.6005082294049111,0.991592033793532,0.21501298693046733,0.14092172317030383
42,fold_honest,2,1857,0.5008730648135368,0.9505316579562365,0.5884267616160547,0.5534561149198657
42,fold_honest,2,2934,0.5953369852474996,0.9225094541387598,0.36877172720875134,0.8995538683621837
42,fold_honest,2,888,0.35502584290952655,0.9511794229490951,0.3888528618334356,0.8505186902867554
42,fold_honest,2,2059,0.6300848362122767,0.9637144622547382,0.6945733148408626,0.8778563085070346
42,fold_honest,2,2001,0.5544683630429731,0.9701781939659908,0.7148139492694136,0.915142832066726
42,fold_honest,2,1508,0.09219992785123934,0.8893672777238844,0.562121719872693,0.5438008912341855
42,fold_honest,2,2043,0.2724697446342269,0.9442833849094611,0.4429352720528223,0.8519970491603944
42,fold_honest,2,62,0.6230729005147455,0.858766034281277,0.23050206852586802,0.14753148824196874
42,fold_honest,2,947,0.1653657087542101,0.96961625703677,0.6080630247267936,0.754332453754911
42,fold_honest,2,654,0.4471017657425754,0.955364542821427,0.21184892122537535,0.15574191728221048
42,fold_honest,2,1141,0.21223012019391738,0.9628955518306536,0.6011585895796496,0.7292268146732251
42,fold_honest,2,2574,0.5277617059942639,0.9647979212750214,0.570931302090722,0.9071514799404528
42,fold_honest,2,2090,0.656278304645212,0.9533630870244043,0.6677429850512584,0.8956720785606695
42,fold_honest,2,75,0.620878175230654,0.9831555113909121,0.2298022858116643,0.22737220806262412
42,fold_honest,2,583,0.20576187476510718,0.41883446386336987,0.5028073777075219,0.7912551380277549
42,fold_honest,2,17,0.5795711396055352,0.9911479078451819,0.19009963436882554,0.12739377533851404
42,fold_honest,2,2559,0.5699588688980189,0.9608045635247193,0.5018157039778497,0.8914984270837633
42,fold_honest,2,875,0.35471602946374187,0.9470659038841923,0.3851828793834715,0.8359642177597473
42,fold_honest,2,1722,0.2774317424415242,0.9772719521365337,0.5669117700136315,0.6804889251447725
42,fold_honest,2,483,0.2707420708308273,0.5013823881348873,0.3931551476517616,0.7539372855217709
42,fold_honest,2,546,0.6190423997171337,0.9831293585106768,0.20294615015897152,0.21873824615873408
42,fold_honest,2,1506,0.15213190935517154,0.9529887538198952,0.5309328871891401,0.638990084653452
42,fold_honest,2,49,0.5084709662181439,0.9770090960308302,0.18316874504715977,0.1705832435654884
42,fold_honest,2,1732,0.1004666624108648,0.856235919010051,0.6248897694022162,0.2245289002102978
42,fold_honest,2,477,0.4974434052906427,0.8271312739899649,0.26043922778685835,0.1800741484514628
42,fold_honest,2,1060,0.17897853826462423,0.9502620199737994,0.5604327013359729,0.6276184414805636
42,fold_honest,2,1018,0.2292945060464114,0.906540720900791,0.36859064174688905,0.5507488042043108
42,fold_honest,2,2672,0.5862018080108695,0.9702678929835591,0.5533724537027799,0.8852836716859553
42,fold_honest,2,1858,0.5831593814964063,0.9508607977624373,0.5753062667036476,0.560101560596139
42,fold_honest,2,1318,0.24234146916107271,0.8815212355278034,0.4451506098575548,0.3328805152132005
42,fold_honest,2,2551,0.563546221983044,0.9530494285020407,0.46087851595105034,0.8721247725497588
42,fold_honest,2,2011,0.46509066667189175,0.916598611592068,0.6683074565460592,0.8659784283803192
42,fold_honest,2,2368,0.6074537939774538,0.9809232838297434,0.677574163706669,0.9023082441346226
42,fold_honest,2,1772,0.1369464803387185,0.9544866871414232,0.5709752648441021,0.43857675664838436
42,fold_honest,2,1645,0.3399651621730299,0.9730134244357255,0.5624310307021191,0.626559062769437
42,fold_honest,2,2512,0.341842619956433,0.9830097415512998,0.5095809677310469,0.9218768603483224
42,fold_honest,2,1156,0.12245887651721316,0.9332844939652168,0.47829541228373057,0.5783500756271901
42,fold_honest,2,2416,0.5848826323065679,0.9377357960951559,0.4878546572818981,0.8780108583272597
42,fold_honest,2,2017,0.5632583174945986,0.8929499447023811,0.5688018148387212,0.9032907432075281
42,fold_honest,2,2834,0.4312088789104434,0.9580914851756795,0.33058177742231587,0.8962361732514442
42,fold_honest,2,1999,0.5906431705569753,0.96814197226358,0.7851281928614837,0.9053422534726656
42,fold_honest,2,879,0.17836967584866661,0.9574306284024605,0.36619935254685165,0.8923098964474702
42,fold_honest,3,1934,0.8417570333706919,0.9601279313222276,0.8205352054281654,0.8899513191985422
42,fold_honest,3,2008,0.7870593864734436,0.9511056701885536,0.829193290981122,0.9252220156854398
42,fold_honest,3,503,0.21270084001725437,0.6416938549749718,0.14070369488481263,0.06124940381753231
42,fold_honest,3,938,0.44425352168303905,0.9435476403094221,0.4289960287569557,0.46231037095261557
42,fold_honest,3,441,0.4357504139877666,0.9921603841357863,0.15522681567856536,0.05078985235402853
42,fold_honest,3,2759,0.6839690778965167,0.9125073610493742,0.6175656871643269,0.7794652751513891
42,fold_honest,3,2386,0.7750467656950029,0.9451540991478619,0.8367947405988199,0.9149271434847721
42,fold_honest,3,1132,0.6353927818916939,0.7206044852904671,0.6900261707451879,0.7660999630675271
42,fold_honest,3,1893,0.7899551656268234,0.9819393524180204,0.8457407580441512,0.8887228612230891
42,fold_honest,3,264,0.2598767047263153,0.42903969609895803,0.12679194353835074,0.05314344473143193
42,fold_honest,3,2777,0.6430228364455505,0.9763214825973274,0.516163276541712,0.8042755475355674
42,fold_honest,3,838,0.13898786414226,0.8892504684757727,0.6279302612588531,0.8536605418306937
42,fold_honest,3,147,0.47342699762862606,0.895499716484349,0.11306237604493415,0.20522905011707088
42,fold_honest,3,678,0.39207673482674094,0.9770337130995562,0.13193233928630396,0.09772246465692142
42,fold_honest,3,361,0.39417107505022975,0.5807337861514665,0.7666603948657249,0.8765331967644707
42,fold_honest,3,144,0.40964395928520914,0.9363586484212237,0.0895828151626064,0.1096183876925723
42,fold_honest,3,2869,0.6314849726551649,0.9544648509757707,0.5124012758677388,0.8352503147242325
42,fold_honest,3,2596,0.8021833159252811,0.9865881180276675,0.7945313596746371,0.9156843807705088
42,fold_honest,3,2595,0.8158896758651113,0.9768487723218754,0.7473540848919323,0.9229867641602604
42,fold_honest,3,1435,0.13567250789032076,0.9379290353485422,0.1439896888621995,0.23860249618378385
42,fold_honest,3,2872,0.7466087409114578,0.9562092028113975,0.5365522043543098,0.850343249140697
42,fold_honest,3,2776,0.7153776653689493,0.925846750207711,0.5519290744553901,0.814733330137809
42,fold_honest,3,2495,0.7992092640013243,0.9872756957169148,0.811841472129252,0.9277689678413907
42,fold_honest,3,215,0.3801866598026079,0.9787665481360781,0.1200586490937653,0.08733240681648365
42,fold_honest,3,1660,0.2884425841797083,0.9741563696416607,0.3350255257485384,0.5076423306757589
42,fold_honest,3,1909,0.8222340595925093,0.9840308048035378,0.8172202784121417,0.921633703497533
42,fold_honest,3,1170,0.37575367853973224,0.9504851957857942,0.4452915439462083,0.527904571613121
42,fold_honest,3,1906,0.7985856458912984,0.9687204482087304,0.8167523265345858,0.9140471735320586
42,fold_honest,3,2687,0.7456662316179397,0.9896748823123244,0.7492200112806595,0.9302287981405911
42,fold_honest,3,2385,0.8089602373134135,0.9678541831992927,0.8423217282670893,0.9130943603611703
42,fold_honest,3,666,0.38133316856187677,0.9526233572749854,0.14435930404839123,0.0837065005520604
42,fold_honest,3,1907,0.7862131948421273,0.9591644854268193,0.8477552113460606,0.905435809891134
42,fold_honest,3,1621,0.12740841871742975,0.8417782426714643,0.34485385268256935,0.198441998509076
42,fold_honest,3,1192,0.36458158094943166,0.9670404247138935,0.47246143507755756,0.6822838738675903
42,fold_honest,3,2599,0.8390769374376277,0.9873979684744715,0.7697048748876634,0.9245143759370857
42,fold_honest,3,2375,0.7863745396453128,0.993539952738353,0.878462974903915,0.9395729541666902
42,fold_honest,3,1908,0.7645894775549615,0.9764948994270526,0.7740376767683395,0.8592878773259665
42,fold_honest,3,2926,0.6733294863091087,0.9681083474935469,0.7344582104551778,0.9410301259307818
42,fold_honest,3,2760,0.6546015011120531,0.8026806388575376,0.59351443868292,0.8490887490922007
42,fold_honest,3,260,0.2986088630331491,0.7717794905373903,0.14273447694451571,0.06543034284533991
42,fold_honest,3,267,0.6968168341891864,0.8818995634507274,0.6449803169787034,0.8913587361505274
42,fold_honest,3,1038,0.18475684989924937,0.8784000626313785,0.3567042835295849,0.30041697729608796
42,fold_honest,3,1911,0.8305380279982311,0.9701879613816604,0.816208627813838,0.8684266718812478
42,fold_honest,3,1112,0.2140882197449433,0.9439914249001328,0.4333482082687141,0.43586297860554396
42,fold_honest,3,2711,0.7519010258410885,0.9940107486671673,0.7721296698591501,0.9458934857524286
42,fold_honest,3,1903,0.8013017100771433,0.9569462148059273,0.8456022764582244,0.9245075046997137
42,fold_honest,3,2341,0.7914179063459137,0.980829901962389,0.8307504620657264,0.9375081753360621
42,fold_honest,3,1718,0.5089658680728314,0.9894170601892627,0.4491198661500156,0.5389244105899706
42,fold_honest,3,1346,0.43486424419394576,0.9850744274468636,0.43989956158608895,0.5996851696685072
42,fold_honest,3,2210,0.6789708335525166,0.9849833951685674,0.8608678341819429,0.9339959507532494
42,fold_honest,4,651,0.5296406601215606,0.9917128446110411,0.10014631466757996,0.13900406408343513
42,fold_honest,4,2544,0.6004894928619438,0.7939580458329444,0.4164687267422073,0.9458377023737721
42,fold_honest,4,1136,0.35822262994859516,0.9182315742001841,0.775668303489362,0.5513672682905704
42,fold_honest,4,971,0.44035929705079274,0.9653313262459385,0.0928107078859971,0.0879585160777127
42,fold_honest,4,2181,0.6844478590919979,0.9619636511342833,0.5275442007105271,0.9293440801592792
42,fold_honest,4,465,0.44206464415913854,0.9972255417259829,0.07578715336670457,0.12930025570736062
42,fold_honest,4,1239,0.4854912688561872,0.9179919989237905,0.816540162336219,0.6801162603033863
42,fold_honest,4,685,0.533422684727435,0.9564844940457022,0.11817170739131867,0.06512084405604973
42,fold_honest,4,1185,0.36659488611606933,0.8346425188088801,0.7303237045974927,0.30427906073107025
42,fold_honest,4,2149,0.5865866961961432,0.971385781764295,0.769554445188616,0.9689908403949574
42,fold_honest,4,1047,0.43353714339247407,0.876851004599154,0.7625157126185141,0.5814437888929744
42,fold_honest,4,891,0.3454526173835969,0.8656565373601888,0.4558236705785503,0.9222124393332074
42,fold_honest,4,1150,0.3355774660520517,0.9715315545825953,0.8142940874504904,0.4886067432246874
42,fold_honest,4,2805,0.4986742402590831,0.9546448262806325,0.543477743803476,0.9552670420243701
42,fold_honest,4,403,0.2948357012526463,0.714038526200112,0.5190254686054612,0.9586840888888608
42,fold_honest,4,429,0.5651083710509572,0.9531887536523959,0.10216448261676955,0.056238497378217296
42,fold_honest,4,620,0.4783934680103533,0.9632355380822354,0.11922940951069681,0.03993060353442551
42,fold_honest,4,1151,0.47980925269253855,0.9484422275041021,0.7821850055063675,0.5517486243476681
42,fold_honest,4,2716,0.5764519916211815,0.9725014141889062,0.5345613440482079,0.9610628789185062
42,fold_honest,4,2313,0.2934944220268316,0.9208764755108877,0.5572130160800618,0.9572154307082814
42,fold_honest,4,1135,0.482709271412483,0.9488030824434888,0.7887212760138863,0.5375163809963407
42,fold_honest,4,934,0.4369945426916107,0.8230075851631171,0.7132122679485831,0.53436325928866
42,fold_honest,4,1000,0.49825299629372566,0.8036906906823158,0.7999735339693202,0.46498368962591263
42,fold_honest,4,968,0.6193944871863969,0.8411433051004104,0.769077428567879,0.7774430272188418
42,fold_honest,4,2478,0.5083986383129852,0.8421263318478869,0.7069841975177524,0.9677239382812962
42,fold_honest,4,574,0.4621770669220904,0.9907482715801108,0.10114795702329317,0.14556017538939625
42,fold_honest,4,1052,0.3795092481519458,0.9710947002072781,0.7951690068091883,0.5652397131686616
42,fold_honest,4,338,0.45848994450590197,0.9562301298814864,0.08353496257630431,0.06928252703443963
42,fold_honest,4,1186,0.3647676043312496,0.9383551867023036,0.7585043671673961,0.38773158196539836
42,fold_honest,4,1556,0.6053801085719748,0.9853274467334683,0.7913671590349808,0.6304123664844415
42,fold_honest,4,2792,0.3608425340075975,0.8255595055471734,0.326690109993678,0.9403771230640907
42,fold_honest,4,398,0.47968205497231886,0.9947260805792936,0.10492160205868292,0.06831194531504739
42,fold_honest,4,400,0.5565558323269586,0.9975967386699452,0.0917912956460246,0.11802012097465496
42,fold_honest,4,1001,0.44247097979128663,0.7617837476011526,0.7696424958002706,0.5939231041703185
42,fold_honest,4,1094,0.5365363717342286,0.9499808091929239,0.7230735102036435,0.5089299564895888
42,fold_honest,4,2310,0.3757784165431892,0.925084150092182,0.6764804728932641,0.9692057420075538
42,fold_honest,4,2787,0.5847990148761951,0.9164547332193065,0.26666959627544534,0.9346634818725669
42,fold_honest,4,1960,0.6467589189598993,0.957548744996715,0.7252566144345518,0.9581596625770433
42,fold_honest,4,342,0.5673728607813542,0.997709135289722,0.10501845931020751,0.0770764626698073
42,fold_honest,4,2678,0.5621053370889466,0.9692347907682178,0.5839416189101402,0.9513259143758641
42,fold_honest,4,2785,0.6225737307959579,0.9557616948607444,0.23036822431028242,0.9418832001184845
42,fold_honest,4,1747,0.22773916685489856,0.8952448355177731,0.7478093934305992,0.6012952175280626
42,fold_honest,4,750,0.43100257676996984,0.9942565190187674,0.08476995843671384,0.04602346302291775
42,fold_honest,4,972,0.44755529719600884,0.9858119207973669,0.07875041108402038,0.06870212752707575
42,fold_honest,4,2744,0.5955017537546192,0.9441994835728927,0.23965714741925878,0.932695708781058
42,fold_honest,4,168,0.5353941175838984,0.9631025611116476,0.07279174588839683,0.042753060261570316
42,fold_honest,4,1121,0.5525705563528129,0.9349732010801114,0.8354405819917126,0.6694206812971971
42,fold_honest,4,746,0.5606144036841103,0.9956318793309928,0.11450912753942397,0.10813596325428712
42,fold_honest,4,911,0.3316059032498075,0.9599863423690277,0.5621938267592057,0.9570522569906921
42,fold_honest,4,2304,0.4790105041136076,0.9134224533074897,0.4911607977641956,0.9531221972530167
42,fold_leaky,0,1407,0.28100273664936787,0.8328980275706569,0.5601344721193415,0.500154423281225
42,fold_leaky,0,855,0.3421036638283855,0.8721504286593105,0.5978210948322121,0.7943098355451129
42,fold_leaky,0,1561,0.7888415307103542,0.9921611240418742,0.8401191967354769,0.8365128882085593
42,fold_leaky,0,2900,0.5833399072628022,0.9885887609407475,0.8586553243435537,0.9619682785260196
42,fold_leaky,0,430,0.4995424409688876,0.9523899886906811,0.06865589308663589,0.10689038375254983
42,fold_leaky,0,697,0.6178674639983112,0.8625174142944161,0.08278793909986068,0.10139829999600493
42,fold_leaky,0,408,0.443326983518592,0.9602905331317297,0.061278842609458574,0.11367137956692522
42,fold_leaky,0,2320,0.5703976230805131,0.93210069084129,0.589807955390769,0.8989194200406259
42,fold_leaky,0,1090,0.37576256247655476,0.9809822582768049,0.6754983345394698,0.6439650025942163
42,fold_leaky,0,660,0.4226163886831978,0.9604290653553514,0.07492288418989676,0.14869845382958263
42,fold_leaky,0,1878,0.6969363014415686,0.9517318809485747,0.7936414683080867,0.928527235157422
42,fold_leaky,0,1034,0.2590026149270243,0.9474977582339102,0.5488528262796202,0.5053665764411265
42,fold_leaky,0,37,0.41623748106880787,0.9770261889337847,0.05085702386643287,0.053220775839408735
42,fold_leaky,0,2446,0.5490518429961616,0.9863211489496373,0.6536870784629898,0.9325236689987739
42,fold_leaky,0,978,0.6685511990069003,0.9821811825611951,0.767824449437452,0.7063310236743727
42,fold_leaky,0,2785,0.5360693271650235,0.9669096710359943,0.48056489459300716,0.9228673327731429
42,fold_leaky,0,642,0.3784980018360644,0.9517019105818579,0.07268567077982174,0.12100697770100463
42,fold_leaky,0,1552,0.2666631383310269,0.9662797941068395,0.6179348297072075,0.6329043972940298
42,fold_leaky,0,1794,0.5297309157069731,0.9859617309293197,0.6921460210480515,0.7639429718024354
42,fold_leaky,0,2266,0.5640249727959079,0.960751374285402,0.7865181612551726,0.9301759457908815
42,fold_leaky,0,2916,0.5955817717384684,0.8169426569502506,0.4377778141568677,0.8712903747355272
42,fold_leaky,0,1747,0.20782224647797304,0.9858775949093742,0.6241302603456443,0.6899372837179559
42,fold_leaky,0,1426,0.5281970269410224,0.917538756998826,0.5101348035226395,0.6538689689152716
42,fold_leaky,0,1236,0.5872091672134382,0.971872441589414,0.6821663208410965,0.7999901196017162
42,fold_leaky,0,26,0.4451066972950666,0.9680712056377124,0.07459920450488353,0.1224920197637217
42,fold_leaky,0,1946,0.6035231767783277,0.9382587081909523,0.8585805223401808,0.9213169292675697
42,fold_leaky,0,2915,0.5885307869312059,0.9225034160404086,0.4202983454199465,0.9223959116177273
42,fold_leaky,0,1453,0.4277694637376972,0.96527069683985,0.5119135945760532,0.5170621327164627
42,fold_leaky,0,1742,0.24730386251951356,0.9567939597669021,0.5125845489525017,0.4243973867209837
42,fold_leaky,0,1460,0.41759755296724116,0.9768576654926305,0.7330437882248626,0.8360137202769841
42,fold_leaky,0,2945,0.5745591721482628,0.9454429231572786,0.7189148150168228,0.9228692513460541
42,fold_leaky,0,1912,0.6655075416985747,0.9686283525388347,0.5861953925127542,0.8080191452796238
42,fold_leaky,0,256,0.2972360074251569,0.9875638170538432,0.06776733503666409,0.07221264530307407
42,fold_leaky,0,979,0.45005417392412156,0.8966069639023697,0.7286545887600738,0.6498310712907981
42,fold_leaky,0,969,0.6407197333874695,0.9158963078653146,0.7859947001871864,0.842854979239839
42,fold_leaky,0,1862,0.5686804264536179,0.9326951276390382,0.7729271480276687,0.6312033100073269
42,fold_leaky,0,779,0.21555235052461766,0.8380310283534287,0.6714675698301051,0.8900355207496228
42,fold_leaky,0,2558,0.5836743829416692,0.9774787046546259,0.7673498574687091,0.941556539921071
42,fold_leaky,0,286,0.6735632275272759,0.8822616092695579,0.06541626151226168,0.20287581663433235
42,fold_leaky,0,1447,0.5054040268890332,0.7805855330315892,0.19871977441593747,0.2980821603707635
42,fold_leaky,0,834,0.23438301565655986,0.8806812908008637,0.6084448511187196,0.9151964076418709
42,fold_leaky,0,282,0.4441919170545143,0.9242314821975163,0.07114461064576266,0.0891342521234464
42,fold_leaky,0,376,0.5049097219634117,0.9345152909553858,0.0911838968642435,0.1062292996123558
42,fold_leaky,0,2185,0.46131271303884386,0.9520233229268342,0.7936102921684861,0.9529836382212031
42,fold_leaky,0,1730,0.31224597819602085,0.9927684523032181,0.7114488399995619,0.5654771026838346
42,fold_leaky,0,136,0.4781026940028675,0.9187484093257511,0.06615580298300384,0.09594380275755576
42,fold_leaky,0,362,0.5750359376656052,0.9535674831024561,0.09627626039395071,0.10622888026894231
42,fold_leaky,0,1126,0.3694930334753067,0.9697202049060345,0.6737758564009635,0.5894011118923247
42,fold_leaky,0,254,0.28039627099743875,0.9838669483706696,0.05891469193750023,0.065187901625495
42,fold_leaky,0,2464,0.6352209884469037,0.9646978436150156,0.6940635284824697,0.9510898012284793
42,fold_leaky,1,2547,0.4729901644019932,0.9257801467450621,0.7458302310278297,0.9656482288573526
42,fold_leaky,1,511,0.5206368113006703,0.967382120136623,0.22880016686587845,0.30592088810070495
42,fold_leaky,1,548,0.5649229477258277,0.9050127790108733,0.22568178961703278,0.34294348523764373
42,fold_leaky,1,1029,0.3258863956440592,0.9404743230136643,0.5505360946081798,0.4275036548586249
42,fold_leaky,1,1216,0.6978826976249978,0.9806685952864093,0.6978156887629184,0.7146159588598066
42,fold_leaky,1,2838,0.5523312388818619,0.9502523049830378,0.44450495928634026,0.9055293168633824
42,fold_leaky,1,603,0.521256502010629,0.9688743385474425,0.2503708618691866,0.21922212139465305
42,fold_leaky,1,1731,0.16984095713373137,0.993311835283043,0.5917698378289803,0.4543151748295379
42,fold_leaky,1,674,0.5285498021893341,0.9376296664858996,0.20305345947759187,0.23923172822699654
42,fold_leaky,1,2194,0.6395224587004679,0.939624292449313,0.7781320608907608,0.9680565886201851
42,fold_leaky,1,1610,0.3331037221524843,0.9955743298882485,0.5963595259289628,0.559427039687669
42,fold_leaky,1,1698,0.1704699188982459,0.9963699374407322,0.5375302249698767,0.405882355968209
42,fold_leaky,1,1075,0.6608424144538655,0.9680077154997129,0.6994239622180597,0.6978008906411635
42,fold_leaky,1,2742,0.6070888915968754,0.9606061698007635,0.38674098101019266,0.876298889893461
42,fold_leaky,1,1959,0.7617323975154788,0.942672096687008,0.817696220322265,0.9578789933216377
42,fold_leaky,1,2358,0.7647362780206057,0.9667049922804558,0.7559636500010705,0.9598797148720798
42,fold_leaky,1,1790,0.24140065896701385,0.991044213760131,0.5863544764917829,0.5622582015675274
42,fold_leaky,1,2431,0.6219673152046031,0.9726039483728677,0.6085554337175326,0.9206882405370397
42,fold_leaky,1,2791,0.3293163059166286,0.938935149459546,0.3900525227473568,0.8865538315906316
42,fold_leaky,1,2340,0.6407469663399566,0.9319429925478975,0.563884130301909,0.9297174780557707
42,fold_leaky,1,2455,0.5675166837505197,0.9620001594231901,0.41716664435094863,0.8644164851397438
42,fold_leaky,1,2859,0.4532441232360576,0.878031419316599,0.40663733540847663,0.8567888016214986
42,fold_leaky,1,1782,0.46588740046629057,0.9938278572267986,0.5945917934779794,0.6086181380776499
42,fold_leaky,1,2169,0.4748767557362693,0.9366521900766219,0.7761715289896677,0.9467545505684365
42,fold_leaky,1,686,0.4989885773265625,0.8575774542354784,0.20742251407574835,0.14835005760628245
42,fold_leaky,1,1180,0.5612273414106089,0.9058012561801327,0.682216978493522,0.6676220479373801
42,fold_leaky,1,2827,0.42796613898210534,0.9790189258132976,0.4928915319321036,0.926477294958705
42,fold_leaky,1,2778,0.4468325501380902,0.9063255463659107,0.3298367825440697,0.8231449110925848
42,fold_leaky,1,1257,0.4049460307287518,0.993713538757554,0.6504322709016768,0.5069327103977843
42,fold_leaky,1,2557,0.6249861433616203,0.9569349242381725,0.6250328932733189,0.9323036434471593
42,fold_leaky,1,147,0.6279923484348265,0.9095295988717021,0.22079381927977346,0.20204109183463032
42,fold_leaky,1,1136,0.3536063233994503,0.9661344281773139,0.6641448217465504,0.6125534286892412
42,fold_leaky,1,1567,0.42738682416395984,0.9621515363450067,0.6019608113087348,0.5897042636886686
42,fold_leaky,1,638,0.516874793350307,0.836349784192268,0.17608031202600652,0.11906669607486373
42,fold_leaky,1,2625,0.6458194729490729,0.9239997778061719,0.5276859919166392,0.8684844992355781
42,fold_leaky,1,2822,0.33433231033383465,0.7662379873503856,0.4599967861894937,0.9067422713637732
42,fold_leaky,1,326,0.553499863505582,0.8349232958927894,0.23093095371943345,0.22937537578608108
42,fold_leaky,1,2373,0.6454661028567767,0.9600305213751533,0.8072396792371623,0.9523015854023731
42,fold_leaky,1,1525,0.19762933947601724,0.9662318086353776,0.6264334485197335,0.5772179749304885
42,fold_leaky,1,352,0.5763562649306698,0.9528773115717387,0.25593097150496247,0.2539318795946999
42,fold_leaky,1,862,0.5329287707546075,0.9215552222187993,0.3881170639521157,0.8613134834313129
42,fold_leaky,1,2039,0.6795304748069315,0.9534963681190322,0.8218527541731067,0.939944015282482
42,fold_leaky,1,2223,0.7256356322216061,0.9760902107114743,0.7111048107748205,0.9636704432041556
42,fold_leaky,1,1060,0.3298061487490783,0.9919271349968694,0.691848403356057,0.6052595524322859
42,fold_leaky,1,2385,0.7436937039447189,0.9429662078675429,0.8309713770535642,0.9493252035486986
42,fold_leaky,1,1608,0.3701194385947168,0.9918440093478776,0.5687205693375661,0.44988684672404955
42,fold_leaky,1,2097,0.7337480352476372,0.9247437962705068,0.8269789426965278,0.9482537194497275
42,fold_leaky,1,781,0.39708341243207623,0.9661598584278515,0.4540374967725757,0.8940931573944947
42,fold_leaky,1,1277,0.3416094046256241,0.9907054606853624,0.5620984432135463,0.5756804989306352
42,fold_leaky,1,1089,0.29182797421883006,0.9842104351763347,0.6553227990382821,0.607662144561633
42,fold_leaky,2,1252,0.5300692660631303,0.92072315552576,0.5440566291692857,0.7058324502889133
42,fold_leaky,2,1813,0.23967302084736508,0.9819705917058056,0.3637434824132859,0.44623739875310187
42,fold_leaky,2,2520,0.531790098476542,0.9708394796702754,0.7806142450515798,0.9054077256296297
42,fold_leaky,2,2930,0.5660521844140616,0.9019648550299225,0.6379400158315252,0.8573832619508813
42,fold_leaky,2,1586,0.5023963101316904,0.9607437214403108,0.5056542783787912,0.6976090684985714
42,fold_leaky,2,1871,0.5206056423099207,0.8711247891743017,0.8283955626028154,0.7966119854230486
42,fold_leaky,2,2307,0.3839102502954157,0.9643356607765391,0.6166498228302938,0.867213172876699
42,fold_leaky,2,2,0.5247182655344214,0.9913560287725199,0.09052154739602346,0.17299148395740102
42,fold_leaky,2,2010,0.6716243506876077,0.8932233221296753,0.7904675964643818,0.8949194460286407
42,fold_leaky,2,350,0.4748737844950353,0.9483993778864103,0.1446366774600429,0.23480182871467797
42,fold_leaky,2,2306,0.44388300119911095,0.9529747507099551,0.5722936586428158,0.8661140450641717
42,fold_leaky,2,2820,0.37409790558606854,0.9501612485773689,0.7185297260679807,0.8497867131684741
42,fold_leaky,2,2327,0.6140911977919893,0.9512532927720732,0.7664466072824232,0.9431103954281139
42,fold_leaky,2,2548,0.5069372676414192,0.972719554231046,0.7920164212653393,0.9570918094986879
42,fold_leaky,2,1870,0.5268374965680591,0.9347660136735779,0.8154614370468319,0.7967375573753831
42,fold_leaky,2,271,0.6492820851010631,0.872004447854124,0.22624305634146402,0.3689068942596573
42,fold_leaky,2,1366,0.566628627255749,0.94022688459681,0.4559431368163168,0.8430555679589482
42,fold_leaky,2,723,0.18208937744094905,0.6507461346556405,0.7393831808627251,0.5314634850445294
42,fold_leaky,2,954,0.5351053579141415,0.9060702552340035,0.5677382683474095,0.7994411685604992
42,fold_leaky,2,2587,0.48763078237184065,0.9547220725953408,0.659124732300834,0.8945299885360458
42,fold_leaky,2,146,0.6116074831812994,0.9780393598544201,0.13681453223487514,0.3346988228069528
42,fold_leaky,2,3033,0.45568002990508755,0.8145892162997649,0.46518439466278644,0.7503144282981877
42,fold_leaky,2,1700,0.6034905757833443,0.9771841344582771,0.5795137831817705,0.7992987145963173
42,fold_leaky,2,2276,0.5323757758466242,0.9798578476587937,0.6998977213456503,0.9420345797211203
42,fold_leaky,2,1296,0.5251152442140998,0.692047506473166,0.24015408103699956,0.5899192257686304
42,fold_leaky,2,1420,0.44167517981556137,0.9583765485915545,0.4346081684756316,0.8159293889243878
42,fold_leaky,2,1914,0.5955660934144231,0.97343828423039,0.7517288058481834,0.7635471893638391
42,fold_leaky,2,94,0.5020951722262722,0.527214918076239,0.11869407740314086,0.10951724548672526
42,fold_leaky,2,591,0.5310441545883138,0.9883646754374518,0.11045583017269621,0.25569351444804
42,fold_leaky,2,1480,0.3545129871621314,0.9698034961700762,0.43331959908792506,0.6195728194469833
42,fold_leaky,2,2510,0.5549800903144368,0.9869718338013627,0.7136360360541123,0.9293773526994614
42,fold_leaky,2,1697,0.2279915020113475,0.9896319999290649,0.45241429234619673,0.5614414798833516
42,fold_leaky,2,937,0.38102355420414824,0.9207899573690268,0.2948311755831035,0.7116432914300109
42,fold_leaky,2,1593,0.4860859019494715,0.9656131196581778,0.5694459549172743,0.75135775009403
42,fold_leaky,2,1544,0.27553020877976264,0.9443640659120152,0.37875652186571357,0.5414848940316896
42,fold_leaky,2,1702,0.5824177677268566,0.988532999902251,0.6157437131035721,0.8158646810987528
42,fold_leaky,2,299,0.4152610963486652,0.9873177547908236,0.1378491334749293,0.3583809132563016
42,fold_leaky,2,1338,0.5372431798329058,0.9640479031374097,0.45815585695007555,0.7888448132244794
42,fold_leaky,2,2407,0.4968453895993179,0.9303846329667995,0.6459709142105492,0.8936961501194116
42,fold_leaky,2,1016,0.3711325122611906,0.9461894979316157,0.42038305751814226,0.8016534216359865
42,fold_leaky,2,1017,0.22009818479811508,0.9342330012937333,0.24483233893394699,0.5951765730715125
42,fold_leaky,2,1276,0.29703250461838876,0.9826709515408004,0.4281677777631855,0.5336671341798621
42,fold_leaky,2,1721,0.3848479679225568,0.987739503643789,0.45437575508727535,0.6718300273036109
42,fold_leaky,2,2102,0.643964039286532,0.9407099142949198,0.7563970800767159,0.6752243863955635
42,fold_leaky,2,1085,0.5651529408609424,0.9860959506085218,0.525802504375211,0.6914411279478595
42,fold_leaky,2,267,0.44639960409923723,0.9168042077834966,0.14205890694214834,0.0842914066281305
42,fold_leaky,2,2714,0.4933810658932292,0.9759228453841965,0.5742688415184788,0.9070631844806485
42,fold_leaky,2,2392,0.5559543965061253,0.9184604929225539,0.7848220284201433,0.8928014940436104
42,fold_leaky,2,2183,0.6036130332195543,0.9769943973972528,0.7365981671995987,0.823284240710972
42,fold_leaky,2,843,0.34619978244080235,0.8091643772243013,0.12928553086132932,0.10311117244298063
42,fold_leaky,3,2053,0.6919933123548507,0.9696775506902723,0.9369453510556998,0.9343117846114256
42,fold_leaky,3,2698,0.642826322869431,0.968171643421092,0.7405107304221019,0.9380092311600622
42,fold_leaky,3,259,0.3660973723988495,0.9322013550049539,0.35274798140210123,0.5933605117063461
42,fold_leaky,3,2165,0.6296441256275344,0.8151405429935596,0.9448608711483051,0.9555315822802426
42,fold_leaky,3,1040,0.2541400510480325,0.9411428919078648,0.33606208197596393,0.2923675942221628
42,fold_leaky,3,698,0.5400205308212709,0.7477976201664613,0.1561916929080029,0.08749216321104672
42,fold_leaky,3,2534,0.45647322412459085,0.9368615507338866,0.7905429912266578,0.9189846776627785
42,fold_leaky,3,2787,0.5945536052090667,0.9823791509285114,0.7143460390934893,0.9195173224725295
42,fold_leaky,3,678,0.5600505916708226,0.9772024647082078,0.10392264101547342,0.08428434956339063
42,fold_leaky,3,586,0.5350977793873147,0.9620356582347493,0.11974963285657786,0.0634445399674122
42,fold_leaky,3,2064,0.3697780075305432,0.9106782840093246,0.9275247410458882,0.9406294876350831
42,fold_leaky,3,1983,0.6381758051955293,0.8751898969642994,0.9428270825871494,0.9346499627994193
42,fold_leaky,3,1115,0.3165531928493043,0.992374433843628,0.42738376080680085,0.5164988790582319
42,fold_leaky,3,1381,0.18869974608787743,0.7300294951202552,0.10167830142957111,0.17704834353705284
42,fold_leaky,3,2158,0.7455029625823361,0.9123256482758287,0.8932806165967306,0.9026140427930821
42,fold_leaky,3,1815,0.100261515666215,0.9875800473287664,0.3121354653357397,0.12696117609340613
42,fold_leaky,3,3002,0.39342862546084006,0.9601144033130162,0.8440826213526615,0.9494008431591245
42,fold_leaky,3,1982,0.6532154145445057,0.8660173854485929,0.884284444003632,0.9465214420235906
42,fold_leaky,3,242,0.6180677998268133,0.9756922603837851,0.15951607353492028,0.13561944811688276
42,fold_leaky,3,2544,0.5733809923403896,0.910895531040816,0.616268366093543,0.9543062560973042
42,fold_leaky,3,163,0.39769228752607444,0.9935372349834641,0.1266648079982421,0.13582132286124504
42,fold_leaky,3,2167,0.43026870181789234,0.7284561989084124,0.9507251511427708,0.9456861982619797
42,fold_leaky,3,1583,0.4569338269832268,0.9960817577215195,0.4396295845544955,0.27029728701597144
42,fold_leaky,3,2530,0.5947196950621628,0.9710010949383272,0.8524280423714248,0.9270894802686264
42,fold_leaky,3,101,0.601588501229084,0.9535137130189876,0.13259266562966573,0.08001842100431104
42,fold_leaky,3,1846,0.6710303300125668,0.9342052345603648,0.9411284875686576,0.9474720533483434
42,fold_leaky,3,1209,0.5563587516086528,0.9946596189021912,0.42399598848752085,0.16924163968130362
42,fold_leaky,3,1842,0.6616408741000651,0.9261446091734297,0.9315757912159565,0.9146471217961278
42,fold_leaky,3,1893,0.6379878946659583,0.9296836979471608,0.9379466548835269,0.9307358339785275
42,fold_leaky,3,2660,0.48919978033696604,0.9663420004303311,0.7435594848612541,0.9684484451480581
42,fold_leaky,3,1596,0.433543614592054,0.9854323835271334,0.35869033116955973,0.3944337738812093
42,fold_leaky,3,1669,0.5745591962756352,0.9585434587753132,0.4361893923165293,0.5811573487275271
42,fold_leaky,3,724,0.31604144547169677,0.9149609795927155,0.8471848926868062,0.9420900419972154
42,fold_leaky,3,27,0.5672215315185449,0.9334735425025207,0.13554535700996914,0.16000969550324434
42,fold_leaky,3,2842,0.6724601806550078,0.9838818465763399,0.6583302602241985,0.9661716313941205
42,fold_leaky,3,1606,0.36915779555019235,0.983139472943493,0.4208994044367538,0.4939655949791052
42,fold_leaky,3,2866,0.36932735125565713,0.9452519200049394,0.6607128876975348,0.9133493825175553
42,fold_leaky,3,2229,0.7152517002298051,0.9581574646032021,0.9287606171458217,0.9092052012856584
42,fold_leaky,3,1374,0.5175752437374155,0.9460701100333423,0.2727578323492151,0.5412085995752821
42,fold_leaky,3,2418,0.5609340925602366,0.958929391884321,0.8162739766531206,0.908814297342193
42,fold_leaky,3,2193,0.5906152560806843,0.7965120772503873,0.9422877363252397,0.9382072322929459
42,fold_leaky,3,600,0.5666557511882571,0.7802798003510677,0.13942703816384003,0.06944287406675391
42,fold_leaky,3,1174,0.5453206467215324,0.9757523709024322,0.4842645553493342,0.4141578792443805
42,fold_leaky,3,480,0.5592232396450769,0.9770020758590605,0.15953085620473145,0.10523948205557263
42,fold_leaky,3,710,0.7128628484901202,0.9878955249358634,0.4898126602769183,0.7486896993793138
42,fold_leaky,3,69,0.6059284416843759,0.9585027591745863,0.17500878875728873,0.05487302537915881
42,fold_leaky,3,2779,0.6522073127550302,0.9811425915175612,0.8065068749372363,0.8960653216677851
42,fold_leaky,3,1710,0.5717564201005022,0.9827748171982773,0.4445168936230291,0.5527891828146959
42,fold_leaky,3,1823,0.3595644171710235,0.9970603937340178,0.3981232005731652,0.5899910392543796
42,fold_leaky,3,1530,0.29114866238865494,0.9934217607832931,0.3196036340449776,0.4259588384780468
42,fold_leaky,4,2650,0.6784297656089694,0.9769496378448449,0.6354123715308914,0.9565119006556972
42,fold_leaky,4,2287,0.6682268294205234,0.9853810774143406,0.5358653189121432,0.9450961070720877
42,fold_leaky,4,2882,0.5444319396813124,0.9107648041711085,0.40958962265529186,0.9229813980539116
42,fold_leaky,4,2896,0.6133384565378501,0.9619540960990648,0.39731881843894074,0.911181188407069
42,fold_leaky,4,1837,0.3399674989537298,0.9911796713820469,0.684180829546602,0.7240481196257658
42,fold_leaky,4,940,0.5260066990939574,0.9705418759781146,0.7651987473251136,0.6214455852011215
42,fold_leaky,4,85,0.4752345712224677,0.9936986238712312,0.1179623335161263,0.18776641500693475
42,fold_leaky,4,635,0.5713635844778987,0.9934654009447681,0.10175846008195902,0.08842507635879848
42,fold_leaky,4,56,0.43913054507883853,0.9917793027137177,0.08365795747021348,0.0564332377879398
42,fold_leaky,4,1096,0.5591035628140719,0.9913525842177701,0.743729859556972,0.7773441544381132
42,fold_leaky,4,1562,0.24585896965183973,0.9852207596627616,0.6414750175475148,0.6616492626810808
42,fold_leaky,4,2646,0.7087335243579999,0.9865074217965712,0.5907199259839088,0.965074578237753
42,fold_leaky,4,2598,0.7036295389745868,0.977546670569145,0.7368144300725901,0.967696386609198
42,fold_leaky,4,2127,0.8057788079426318,0.9761972826286647,0.7508951419826635,0.962355640809508
42,fold_leaky,4,1458,0.39642167515869786,0.9824138955362807,0.726506134712527,0.7196574757951882
42,fold_leaky,4,666,0.41733448984272475,0.9511836069631295,0.07132821118141563,0.11314011309848274
42,fold_leaky,4,2840,0.6877620015216145,0.981739564668102,0.5093616874471583,0.9567713562912326
42,fold_leaky,4,2969,0.7212636832323648,0.9756944002732112,0.40678543041190557,0.9149849050100989
42,fold_leaky,4,1110,0.5512444870709797,0.9868307679057672,0.7792728161653124,0.8026230643938144
42,fold_leaky,4,394,0.38121366762239556,0.9765477270536523,0.08240617878826535,0.09939862515650988
42,fold_leaky,4,1624,0.16413488344788882,0.9884212276154692,0.6960061650220732,0.6670376817857353
42,fold_leaky,4,2762,0.7501239686074658,0.9635800293014785,0.37665702761845826,0.9465056537859599
42,fold_leaky,4,1822,0.11845720439245902,0.9924588975192485,0.6455033176904663,0.42664467274123447
42,fold_leaky,4,997,0.28245570686239985,0.9689059698305625,0.7017446675347354,0.6268037158151856
42,fold_leaky,4,443,0.4375156748724201,0.9531923909282565,0.06896995659886039,0.06968983118697591
42,fold_leaky,4,826,0.37758439906155206,0.9440581247233369,0.08037595875694649,0.05384104284796511
42,fold_leaky,4,422,0.3855283808247341,0.7540350160873701,0.0928710029715965,0.08021636037130744
42,fold_leaky,4,539,0.36621120146966346,0.9922459630321769,0.16638000664281616,0.37336280829215557
42,fold_leaky,4,2166,0.6439256600837213,0.9292212206001954,0.7007449555177507,0.8718789336883358
42,fold_leaky,4,1299,0.20426754692194588,0.7386431172023864,0.4112930922966203,0.33270986156335586
42,fold_leaky,4,1758,0.38922877731698574,0.6641159913237136,0.07921326698499111,0.03907408798475408
42,fold_leaky,4,1073,0.5315607344403231,0.9294160142818901,0.7944300264976586,0.7559655795951269
42,fold_leaky,4,97,0.3063617555878353,0.9342437466126581,0.07769034757253318,0.0673782867040932
42,fold_leaky,4,325,0.35352956194067386,0.7511360767322393,0.08630065467284057,0.08302723051660071
42,fold_leaky,4,1600,0.3152041409048252,0.9002246373153068,0.656693711275786,0.7133868521261171
42,fold_leaky,4,2132,0.8367404164793919,0.967404804036867,0.6582932821962012,0.9096338612904145
42,fold_leaky,4,1106,0.44640672018475913,0.9874722700582684,0.7405165448209879,0.7967848497061581
42,fold_leaky,4,1476,0.3053610686462834,0.8511614801260591,0.5571257804374314,0.6070162282914532
42,fold_leaky,4,3011,0.7304061379994038,0.9297127166230763,0.3647619494411036,0.8709851473894169
42,fold_leaky,4,321,0.32268181829345033,0.9545197338970587,0.09168568761433749,0.08016778296473605
42,fold_leaky,4,2430,0.699137509542123,0.9907492485897598,0.6306273470322686,0.9590318384948568
42,fold_leaky,4,1978,0.7864416423360626,0.9596163541766369,0.7250366085422777,0.9451698021950172
42,fold_leaky,4,2602,0.7727626946657346,0.9587677265743118,0.507901233764679,0.9221233801378117
42,fold_leaky,4,1511,0.4454850727280635,0.9762533075789142,0.7474923928203512,0.8021780347115389
42,fold_leaky,4,63,0.4882151613318437,0.9842111381466919,0.0995625440673579,0.19299037291198243
42,fold_leaky,4,444,0.4151576120749473,0.9760908016831643,0.07381836703725454,0.1244535085310863
42,fold_leaky,4,186,0.31944475209545964,0.9868826995430307,0.07389007961994917,0.1088934994606684
42,fold_leaky,4,1502,0.41527343139335116,0.9868339836972824,0.7466933165857454,0.7831232785098777
42,fold_leaky,4,189,0.17537967703471194,0.993663708882511,0.06667281960142424,0.0775684148973652
42,fold_leaky,4,1068,0.30579218621753584,0.9498644795135728,0.5452209956096413,0.56028517109178
1,fold_honest,0,1450,0.20610624400707855,0.788234556912877,0.713592112917282,0.44436514235460395
1,fold_honest,0,790,0.276085770192773,0.9697781928116457,0.3478548847428732,0.8207724877105723
1,fold_honest,0,1834,0.3446319950889286,0.9968094583375057,0.9018307139880821,0.8091606112691213
1,fold_honest,0,2045,0.7260071109494489,0.9473720075602985,0.7235363709077486,0.879535612350862
1,fold_honest,0,2875,0.5859208337378174,0.8836011070724249,0.12205161646787539,0.7039014619085534
1,fold_honest,0,308,0.5791733090211019,0.8042586387155283,0.13438937051243408,0.1266814344386631
1,fold_honest,0,1365,0.4171754293208639,0.8103090271333526,0.676771243922062,0.6976610251568135
1,fold_honest,0,931,0.43185123832933764,0.930940524648818,0.8343772058813518,0.6875993973291621
1,fold_honest,0,432,0.5819074026093941,0.8643683096279904,0.11028436147936023,0.0944945924678608
1,fold_honest,0,628,0.5745400604395474,0.8695532858347382,0.1176016632553929,0.10735222727195223
1,fold_honest,0,2126,0.7534462178342178,0.9802131062392525,0.797202108484902,0.9615927404422332
1,fold_honest,0,1764,0.23798381402033258,0.9738915154320777,0.874754142022706,0.8861272521994115
1,fold_honest,0,769,0.44706686326434447,0.9624122174127665,0.4120431461784875,0.8644172935556544
1,fold_honest,0,153,0.3736142937033984,0.9891721274447153,0.09915277769412532,0.18443270682347454
1,fold_honest,0,2943,0.5805288839943312,0.9433211298562629,0.3931976764647608,0.9465688669059797
1,fold_honest,0,926,0.49005271891989965,0.9618821307002301,0.8509235550427918,0.8170809925804675
1,fold_honest,0,1704,0.37572199282109,0.9953427905162169,0.8807258099731538,0.790831806002142
1,fold_honest,0,126,0.4763056762833968,0.853518886750621,0.10424353956470292,0.1454602344511674
1,fold_honest,0,2116,0.7395395423209637,0.985995740396902,0.9083964368684826,0.9747429471712427
1,fold_honest,0,731,0.43595746899162047,0.9182046951158257,0.46393234309578807,0.7966567154864458
1,fold_honest,0,2944,0.6540597236450352,0.9567857415668372,0.4415637399503553,0.9440372627375799
1,fold_honest,0,1448,0.2555502805516509,0.4764711023684617,0.6852679151194692,0.28087083275111546
1,fold_honest,0,1865,0.48834790775198395,0.9793235872086965,0.6368707585996682,0.897070185623455
1,fold_honest,0,1326,0.2660056018640364,0.729104401321597,0.6597856894558372,0.406336762858032
1,fold_honest,0,2609,0.79004597033336,0.8858203690006677,0.21143853130105322,0.7472018527888042
1,fold_honest,0,1602,0.20173626400504205,0.9773482315691322,0.8373643205434615,0.7785622346647351
1,fold_honest,0,378,0.6111985659203018,0.9784350714002432,0.22070959173964055,0.10721164255547055
1,fold_honest,0,1862,0.6709305481362747,0.9635367099446962,0.6926414510241131,0.7987699563786083
1,fold_honest,0,709,0.556780246826339,0.9608560048699456,0.8436294139804774,0.9011307872543158
1,fold_honest,0,1744,0.22252293319036892,0.9751801709038661,0.8574357747301644,0.6489799758455032
1,fold_honest,0,3028,0.42387218788644526,0.9800214276694199,0.6905277901369489,0.9502165759188996
1,fold_honest,0,392,0.6220357904747621,0.8740632031819717,0.22046541893285726,0.16005150483278513
1,fold_honest,0,976,0.49500259242468386,0.701636617416421,0.7120773799446286,0.6805993388519784
1,fold_honest,0,2734,0.636875705604622,0.9454556132615688,0.17721663054485084,0.8567476105372592
1,fold_honest,0,1328,0.11577788668816484,0.5630470928488798,0.684661222510135,0.467122719253708
1,fold_honest,0,2275,0.5698338992363887,0.9739806279459878,0.6949223854949661,0.9443537745451346
1,fold_honest,0,1839,0.18816415315895754,0.9963465213789889,0.8774889347090609,0.6694724881274351
1,fold_honest,0,2842,0.6461440045760746,0.9708634229597862,0.34669029609239616,0.9146184614563733
1,fold_honest,0,1108,0.20190962401629434,0.9950645369767419,0.8060453439194338,0.8241209059024743
1,fold_honest,0,98,0.24748758784357497,0.5064016305534504,0.08373444526203419,0.09515651211140906
1,fold_honest,0,124,0.49858307840786065,0.9027039973820767,0.05621281051371253,0.09301391368034258
1,fold_honest,0,84,0.5909440144658924,0.955918967797497,0.19585619100704502,0.10103017113786858
1,fold_honest,0,2272,0.646210267872559,0.9717825739781076,0.6817153203788175,0.9135374515133254
1,fold_honest,0,847,0.3640117945677521,0.9853762054723231,0.41652394953179084,0.8033448529099495
1,fold_honest,0,59,0.5831882032810483,0.9908535121999471,0.1814986055836257,0.27410550888453145
1,fold_honest,0,162,0.7417098390872766,0.5132650588854389,0.14890665047144522,0.10079263105001943
1,fold_honest,0,2044,0.7608243129186437,0.9548560372988543,0.66289072322519,0.8620482071977565
1,fold_honest,0,735,0.5290616207471117,0.8435938001915632,0.5025897845524905,0.8848221650933942
1,fold_honest,0,859,0.4876677377618094,0.9793871434735686,0.26555112769309913,0.8054552563039672
1,fold_honest,0,638,0.28531477498992386,0.808714975721716,0.0966356270319011,0.055890171903410175
1,fold_honest,1,113,0.7177658052022131,0.9874346337402333,0.2954437886326151,0.3933834639344927
1,fold_honest,1,952,0.4985114692601052,0.8251883878363107,0.50968349655337,0.44602144536578897
1,fold_honest,1,880,0.24653741675959337,0.8797922763600471,0.6360440434174071,0.877940004872638
1,fold_honest,1,2825,0.30995850874443226,0.9923895500892564,0.8824176740504763,0.9662929193974398
1,fold_honest,1,1323,0.5567643544835642,0.9263024739754785,0.6824960869164396,0.7543055025863044
1,fold_honest,1,1144,0.2685275116318549,0.9236398093243207,0.49711041955149027,0.6585503590515369
1,fold_honest,1,1700,0.6516455599087247,0.9342477052889491,0.818563300300727,0.6874486721442699
1,fold_honest,1,631,0.6662476253161226,0.9794135114150738,0.08069554262152333,0.11159109360768789
1,fold_honest,1,408,0.6665523832210112,0.9622838002176983,0.11268504125380752,0.24849814574743656
1,fold_honest,1,193,0.6893001465347823,0.9867169081544674,0.11714661758593807,0.38226523546903507
1,fold_honest,1,1756,0.3211982722581413,0.9822895245909292,0.537146026946602,0.4665167398167369
1,fold_honest,1,724,0.1973250083845331,0.9911357416921028,0.7317623906241426,0.931407179009901
1,fold_honest,1,2494,0.5351212447463434,0.9628194755445739,0.8102394640463528,0.9082569955492973
1,fold_honest,1,1711,0.5579913460509376,0.9445615082430386,0.7549274436950123,0.649048953918189
1,fold_honest,1,2638,0.5274898429319254,0.9728027466026476,0.6315971470648203,0.9085439325598953
1,fold_honest,1,1670,0.16303893449114595,0.7912544127172382,0.6610028033960867,0.3562998526939161
1,fold_honest,1,1525,0.26608177827126517,0.921435518281734,0.6049173941214483,0.5096251044398037
1,fold_honest,1,806,0.7852341102392233,0.8445840712570779,0.10464447746055938,0.11829581388503026
1,fold_honest,1,318,0.14881338662529262,0.708786167901684,0.6514124290237194,0.9210198602498966
1,fold_honest,1,2344,0.6207012203153773,0.9649951062474058,0.8927562364545765,0.9522673048741869
1,fold_honest,1,1510,0.39802452799750077,0.9801929667342587,0.7093267431702437,0.6971854371148191
1,fold_honest,1,683,0.7070573046476799,0.9368546229014435,0.06850242432069907,0.16689528814059693
1,fold_honest,1,2435,0.2327978366393298,0.9893858935814637,0.8560547730808232,0.9339532161129126
1,fold_honest,1,2978,0.585913900543736,0.9668811465244104,0.6283441481628331,0.9067462592312058
1,fold_honest,1,1296,0.35034758277856315,0.8002062356253914,0.6699413686109604,0.9305124746793548
1,fold_honest,1,1387,0.282521430904664,0.9033156506983298,0.5610813294036661,0.655480934900935
1,fold_honest,1,1681,0.42612312175689876,0.9356321654928734,0.8031412232483082,0.5221547630435267
1,fold_honest,1,1391,0.24472840238369675,0.7220979842392381,0.6328217214269193,0.6856727247697786
1,fold_honest,1,1979,0.6369779651535541,0.9866329413239978,0.8969833759332019,0.940298653104371
1,fold_honest,1,2486,0.5901896825923861,0.9840462260668128,0.7770700466365326,0.9316894954797451
1,fold_honest,1,2641,0.5548088080124995,0.9711734772697258,0.6468890292412002,0.959259788547904
1,fold_honest,1,794,0.16522379070718726,0.9771069268665125,0.6632566836357298,0.9382784652324128
1,fold_honest,1,1699,0.6286561323646979,0.9897414667113704,0.8183976691655758,0.8528992898693327
1,fold_honest,1,1981,0.3768508605988208,0.952594326684318,0.8530946310338735,0.8838973992482797
1,fold_honest,1,225,0.7934155109972806,0.9819318538689653,0.1417757885722736,0.17936144781919103
1,fold_honest,1,494,0.3913640274365707,0.8473338324461389,0.6014648636367069,0.9247266664318218
1,fold_honest,1,1702,0.5278972094879743,0.9804717886073953,0.8138357871176427,0.7912071433223603
1,fold_honest,1,1068,0.3125529182877045,0.9307109273813323,0.6299367900593301,0.5821361455891747
1,fold_honest,1,2104,0.5333982742307185,0.9859990324428286,0.9020349215151866,0.9480313568195443
1,fold_honest,1,797,0.31163261995266867,0.8509861131493307,0.7259112180481493,0.8927547840463302
1,fold_honest,1,1405,0.28370732841855845,0.7493038853249996,0.35894495760725,0.19922752912297798
1,fold_honest,1,1869,0.4131227897973707,0.9711938893246672,0.8749270232843367,0.8181273734888383
1,fold_honest,1,2864,0.41433441163277096,0.9720650364036615,0.7046088559151513,0.9462468808657033
1,fold_honest,1,2593,0.624880024624575,0.9785197096269778,0.7882957177168965,0.9495567357718793
1,fold_honest,1,1337,0.5661682808621459,0.7845422388085241,0.6668357228701672,0.6824365066042484
1,fold_honest,1,2592,0.6054317003409425,0.9684270397006839,0.7614902748651469,0.9101543560320017
1,fold_honest,1,2252,0.6046999269649173,0.9835902336213918,0.6996550571698487,0.92619210048056
1,fold_honest,1,2437,0.1996251401781091,0.9808174748762454,0.8769957518551917,0.944150494581459
1,fold_honest,1,3018,0.5523446026164324,0.9790943813408078,0.4134926627145377,0.9342596492319064
1,fold_honest,1,633,0.5993293993494578,0.8307787896860368,0.07613329224253512,0.051716800604685434
1,fold_honest,2,2556,0.5079987810292681,0.9817144090525939,0.4432406507162805,0.9430007722646909
1,fold_honest,2,1728,0.2528129758260437,0.896456537777748,0.8384465797482371,0.8430140301554313
1,fold_honest,2,2127,0.2862735127711524,0.9736159039888179,0.5649239992026753,0.951384496827591
1,fold_honest,2,2192,0.5349753786951104,0.9813923139923386,0.42202601719876914,0.9441314953182139
1,fold_honest,2,2423,0.4581219868850894,0.9708404936156549,0.20922329879293994,0.8249865263238388
1,fold_honest,2,142,0.4964504531081005,0.9858164555519079,0.13660328465325897,0.09215384996470424
1,fold_honest,2,1141,0.37441976547891,0.9791007473927029,0.9072789046366947,0.8944177003405105
1,fold_honest,2,2190,0.5707121355927132,0.9926568694609903,0.40231443021852736,0.9231203809530207
1,fold_honest,2,284,0.43036696154740645,0.5889537674716403,0.060394344771803124,0.043303636337636175
1,fold_honest,2,2023,0.448880795686763,0.9245205876929448,0.5274949585306173,0.908850364487414
1,fold_honest,2,2000,0.5088805078121368,0.9561294025696379,0.47059364671099035,0.9581447613926851
1,fold_honest,2,2551,0.21990292249433788,0.8591230129050946,0.25531385393459255,0.8784143817801106
1,fold_honest,2,2552,0.5342457282299898,0.33035628676021145,0.055981698602019084,0.05301747949454935
1,fold_honest,2,1649,0.5117462498761894,0.9784552001819603,0.8048296067287566,0.9142659736514491
1,fold_honest,2,870,0.581255111649124,0.8316956152426724,0.08028431109451792,0.053323535963105614
1,fold_honest,2,1695,0.5789480701698304,0.9310489572306657,0.828851602111506,0.897006674038902
1,fold_honest,2,86,0.5153981475201103,0.9961648654983835,0.09775717868659722,0.141409045204297
1,fold_honest,2,2519,0.46755801100932454,0.9907572755580578,0.47137024070252664,0.9466563807580649
1,fold_honest,2,2339,0.4614467069334992,0.984709483364654,0.2957395893249575,0.9053835100880396
1,fold_honest,2,2243,0.5413605734261646,0.9817755877287412,0.2742356623568078,0.8844581646595283
1,fold_honest,2,1610,0.5930099275808933,0.9618381283303001,0.8295835848892944,0.8608811846613523
1,fold_honest,2,1613,0.564558986014905,0.9757932730539398,0.8437854704210697,0.8795366441683691
1,fold_honest,2,2969,0.29988290241825016,0.9755101428065468,0.24637643447204025,0.7766756296284943
1,fold_honest,2,365,0.6104413935699623,0.8853145448929909,0.0843721473161446,0.03517107542252141
1,fold_honest,2,2336,0.42166307568847083,0.9873221215473641,0.3747950027152131,0.9124196791992883
1,fold_honest,2,605,0.6358406883907951,0.8640300787172198,0.071222906817657,0.06329711907597368
1,fold_honest,2,2002,0.4606327175997834,0.9694688322381306,0.5164905026898368,0.9364122993571741
1,fold_honest,2,2040,0.4756689133723647,0.9883033978688645,0.5524300016000705,0.9512732869170949
1,fold_honest,2,1063,0.3749173156850572,0.9469147062793905,0.8516275205795548,0.8832013489790165
1,fold_honest,2,590,0.5230494746718585,0.9740066107431408,0.06817541025981085,0.07358683695500598
1,fold_honest,2,1792,0.531683715827744,0.9347930446710219,0.8160630664823822,0.8680217001903138
1,fold_honest,2,2419,0.4573874141381251,0.980792679086242,0.4281982223370246,0.8988183662645775
1,fold_honest,2,299,0.514060011275507,0.9880226910819908,0.11325705467480679,0.38298247232657506
1,fold_honest,2,2185,0.3113021511309519,0.9683626392756457,0.505229942237469,0.8661134418798612
1,fold_honest,2,2368,0.31067170795321714,0.9906281506267319,0.31443736466878497,0.8572038883409863
1,fold_honest,2,3002,0.27213564445621014,0.9883303990794289,0.5326750356892875,0.9474043364521372
1,fold_honest,2,1401,0.6560399619498936,0.9585058069681007,0.8176752229551405,0.8328220728150455
1,fold_honest,2,1139,0.39089074430331516,0.9819820965901588,0.8821390833235251,0.9218089706882151
1,fold_honest,2,2441,0.38892092932121375,0.9781732256654935,0.4718487454757655,0.9560155243504724
1,fold_honest,2,1543,0.4231836908251613,0.8989836351912734,0.872404143692954,0.8458837577039661
1,fold_honest,2,1857,0.18405027758234035,0.9849484897116485,0.17433560930093875,0.48726610994597247
1,fold_honest,2,2361,0.33760870455845016,0.9828076339992029,0.3599808249386189,0.8995805285129772
1,fold_honest,2,292,0.5500916398126794,0.9675189592740118,0.102946193863893,0.13648986556160841
1,fold_honest,2,1808,0.4761026002109117,0.8770530114715982,0.6268848019565351,0.7193663555152277
1,fold_honest,2,2666,0.5088454885693381,0.9843408564326581,0.3362108920879035,0.8702167287048389
1,fold_honest,2,2949,0.2832781458030008,0.9681336353628003,0.16275136331788248,0.7294730741253873
1,fold_honest,2,110,0.4302108550648566,0.7775218491477769,0.07575302134472975,0.10104921812527973
1,fold_honest,2,538,0.5352177700230957,0.9802911710974105,0.06476775408143057,0.1434940561864226
1,fold_honest,2,512,0.697515532335181,0.9836407754028559,0.0932100590906309,0.1034772085238297
1,fold_honest,2,546,0.6161366413633711,0.9904737509323798,0.09454842216232184,0.22238797086840945
1,fold_honest,3,2767,0.2708375574623609,0.8629135285588505,0.3632585755460278,0.8977288986349535
1,fold_honest,3,372,0.5928038542036548,0.9871194444701303,0.17206184442029,0.16070690626933432
1,fold_honest,3,958,0.489488053884849,0.8249228766770993,0.701047912358968,0.7161007019553371
1,fold_honest,3,1624,0.23080389123164685,0.8693890353214538,0.7638868241302421,0.43012750661000615
1,fold_honest,3,2453,0.5397743017517258,0.9891913018548119,0.40416155691610234,0.8998726150793099
1,fold_honest,3,2064,0.585467487260906,0.9960250006097711,0.7672043843064171,0.9259879566973778
1,fold_honest,3,363,0.46920626247803593,0.9487926582271252,0.44030557075403726,0.8894571387820772
1,fold_honest,3,487,0.32926342780126794,0.925070656635751,0.4447320333072602,0.8440033882530881
1,fold_honest,3,1920,0.28152581488148476,0.9187869502713177,0.5703570563292691,0.8859731045020601
1,fold_honest,3,397,0.27136592825515937,0.9846641239044922,0.10529664530793302,0.11544885365861889
1,fold_honest,3,3052,0.5947211261727902,0.9859883621868402,0.5167627985555351,0.8965262384801315
1,fold_honest,3,2284,0.6953760229896906,0.9910176879481639,0.4751110837559634,0.8862479486353031
1,fold_honest,3,2383,0.6319232722898774,0.9906751257272399,0.5980352094754511,0.9104465021720934
1,fold_honest,3,3054,0.5797361577267054,0.9785366762335632,0.5532382203216133,0.8941978630419744
1,fold_honest,3,1190,0.3202037393603692,0.904914266651387,0.6968315993685142,0.5918821775558173
1,fold_honest,3,500,0.49931258798104106,0.8471083457680295,0.08451373457987016,0.051850248017147785
1,fold_honest,3,995,0.41794913882545287,0.9564207480384075,0.15387348261482453,0.14753889821229083
1,fold_honest,3,2157,0.7126027899681429,0.9823720294813512,0.5096833005557028,0.7842621369559404
1,fold_honest,3,418,0.4946537725761063,0.9940470803198784,0.2284287004995906,0.18959325667199256
1,fold_honest,3,2379,0.5355410893241,0.9832011776559331,0.700516270920254,0.9144263551469504
1,fold_honest,3,2211,0.4712197455468116,0.990142419556517,0.7288356277544041,0.9354650992258662
1,fold_honest,3,3051,0.5482730647327487,0.981879053050557,0.5278487450434892,0.9177542757955665
1,fold_honest,3,396,0.42537049041634517,0.9843199472346971,0.12104339983136238,0.13916540015534154
1,fold_honest,3,2760,0.2780057984233207,0.8823896773623977,0.39381848775712797,0.9266458952500086
1,fold_honest,3,664,0.681904033962661,0.9149701497814504,0.16193624804012016,0.33288695506208965
1,fold_honest,3,2264,0.6324274753955696,0.9791860564199647,0.5675751363314517,0.9022454587541928
1,fold_honest,3,610,0.5640008156366019,0.866739244410698,0.10405083595387811,0.11058976691610349
1,fold_honest,3,2708,0.4809563388704674,0.9158957693185324,0.2294515525284122,0.0577035656807266
1,fold_honest,3,1928,0.6401937483282457,0.980048695770425,0.5395356564217113,0.8900565193082226
1,fold_honest,3,421,0.5886357505330626,0.8797453798969009,0.35364957067198405,0.21586912186897708
1,fold_honest,3,2778,0.613530466933521,0.9580670879341244,0.40565057859900977,0.8635587749221096
1,fold_honest,3,131,0.4415867518041431,0.9543080270017601,0.2000852371438297,0.09978911409427607
1,fold_honest,3,1236,0.27697644607824445,0.9271261729383176,0.8278667501729857,0.6896717372612924
1,fold_honest,3,2769,0.24652731767632852,0.9980846763521966,0.5630657137442874,0.9409514361438912
1,fold_honest,3,405,0.7083683276830517,0.9656841625573533,0.22980350945667574,0.37344614095995987
1,fold_honest,3,1114,0.3032063931621413,0.9231591819380457,0.7568247562208408,0.7215912257171503
1,fold_honest,3,1079,0.28715543033898455,0.8774865365673894,0.5615734575041308,0.49495452206061524
1,fold_honest,3,1070,0.4763804678613622,0.9413388413204858,0.7802707320334609,0.6943977795682649
1,fold_honest,3,2460,0.4893103650208605,0.988995789117845,0.29585285482801055,0.8734886863599152
1,fold_honest,3,2459,0.49051924765481836,0.9888945613864202,0.36589746758649455,0.8523665929325425
1,fold_honest,3,2597,0.6412636668288283,0.992469282416931,0.6277455283935913,0.9190427120359215
1,fold_honest,3,612,0.6681714979088296,0.9570599929411772,0.1507043419701311,0.10212198077485891
1,fold_honest,3,149,0.5884965552535022,0.760839625013005,0.26629170115588097,0.08550237218410726
1,fold_honest,3,1499,0.25744956452210166,0.8961741438620173,0.7699406475710151,0.6661947750514944
1,fold_honest,3,2697,0.6737356345817845,0.9851126535451135,0.3797755012278592,0.8871136530556678
1,fold_honest,3,24,0.5824951543377674,0.9648698854823811,0.1423013270517059,0.20765036505018752
1,fold_honest,3,1759,0.5050061987247837,0.8900051214518406,0.06817649066716532,0.08442728745644579
1,fold_honest,3,2389,0.5855641623656622,0.9883094529457371,0.6386927749577919,0.8907945547799333
1,fold_honest,3,2071,0.5950458679462269,0.9910200613667257,0.5893141496932485,0.8759956585661488
1,fold_honest,3,837,0.7466546538118415,0.8141738908384375,0.2099207201522683,0.07789146801245846
1,fold_honest,4,117,0.5892225490812906,0.9992359821394808,0.09866039819239725,0.19829901132251676
1,fold_honest,4,717,0.27319169947285055,0.4275863522932979,0.6847832510152794,0.8453576526036177
1,fold_honest,4,832,0.2550960804200054,0.582483078215532,0.774321453986756,0.8930073916782596
1,fold_honest,4,1151,0.3212453490063757,0.9522692910633145,0.7486533713010283,0.9015028033374656
1,fold_honest,4,2352,0.6169118347758314,0.8506620059853625,0.8568689348805714,0.8759056962325655
1,fold_honest,4,2403,0.5848841597777505,0.8743944428142454,0.650209354235534,0.7759887793348457
1,fold_honest,4,1051,0.16923488261145578,0.9810171482445463,0.7276645273941912,0.9102511288377227
1,fold_honest,4,1268,0.038044674441603,0.5427398343302657,0.2863596789158729,0.4617652600359086
1,fold_honest,4,2408,0.489316046272395,0.8177247615145016,0.5696005994597765,0.6205218687477729
1,fold_honest,4,1251,0.2901136938763761,0.9319217253116443,0.7857179623530769,0.9189124003953149
1,fold_honest,4,1047,0.24434394208694765,0.8499321955646988,0.6788212063120042,0.9022154353668306
1,fold_honest,4,2742,0.5811967633222704,0.905448664418999,0.507382572703396,0.6184658377279282
1,fold_honest,4,2530,0.5575024605501795,0.9259464757868008,0.7216154853433219,0.7827697627597408
1,fold_honest,4,825,0.589005713108737,0.9900930877180999,0.07165708519556685,0.13876215967784633
1,fold_honest,4,579,0.6727092043295911,0.9952874369622322,0.06348295258505125,0.12408505404650622
1,fold_honest,4,563,0.7439315074975175,0.9795600872876464,0.11663048855835045,0.07992416748443157
1,fold_honest,4,116,0.5125791167937473,0.9981192934721214,0.07083256135956617,0.16389389571490104
1,fold_honest,4,1655,0.30190506188376515,0.9273168494775226,0.7614837044752583,0.9139794476997887
1,fold_honest,4,2315,0.5056567611152006,0.8900025968648653,0.8678239236505019,0.9213348332672541
1,fold_honest,4,2475,0.29480360112404236,0.3818132716618382,0.898052884566322,0.9387881112946032
1,fold_honest,4,1150,0.2892635821427779,0.9726924481706656,0.7572571011604647,0.9040373272157979
1,fold_honest,4,231,0.6057600259227912,0.9953394424709566,0.06604020415034029,0.15166313120819408
1,fold_honest,4,465,0.5080639576259199,0.9809553905114606,0.04751059502851437,0.15799869969476057
1,fold_honest,4,1952,0.5337682859547441,0.8714893865372336,0.8872624003917587,0.8885369178190429
1,fold_honest,4,232,0.5156929297990414,0.9923651558263893,0.059343433595539855,0.19639161091142845
1,fold_honest,4,1954,0.4322766743511869,0.8609506733463121,0.8911918629024995,0.881653861906819
1,fold_honest,4,2443,0.39615116650577187,0.9239898963067539,0.7125703407373108,0.7428802489876218
1,fold_honest,4,2393,0.6167034457665774,0.8170261735520361,0.783819969197051,0.7460697217094855
1,fold_honest,4,338,0.24003837658424998,0.33622097479769303,0.6791463295064334,0.8436320952464391
1,fold_honest,4,430,0.6457600403798041,0.971394151281708,0.05985745252058094,0.10116894765113624
1,fold_honest,4,2784,0.5641028681667213,0.9791336904899979,0.49432067275320524,0.6755170213383483
1,fold_honest,4,2892,0.5261916520842588,0.913385026093349,0.4601258360578831,0.66814783372238
1,fold_honest,4,998,0.5471021728806924,0.7561515124992982,0.6920398308224952,0.7549630652285153
1,fold_honest,4,3061,0.5789898802254263,0.92779296593876,0.35250058081458396,0.5266694655040236
1,fold_honest,4,1090,0.19718194000545608,0.9449856037063742,0.5867371044486371,0.8491690717958275
1,fold_honest,4,2809,0.5779647296175777,0.9299840743510037,0.38681811651770903,0.6526764015977778
1,fold_honest,4,1186,0.16538154232374816,0.9289931668888075,0.7329013390265814,0.8757544420326927
1,fold_honest,4,118,0.7776588164804484,0.9550719623886316,0.07054981249593209,0.1063501602111872
1,fold_honest,4,293,0.5680394345503633,0.9960282366563642,0.08274461426043098,0.12682003669868544
1,fold_honest,4,1561,0.4641335649350218,0.9819722097291023,0.78850403762059,0.9397920021129182
1,fold_honest,4,2180,0.5742370958537415,0.8656851857851915,0.7304137717808921,0.761380656169756
1,fold_honest,4,752,0.25305151232224693,0.35973270440222316,0.6983345106733506,0.7334154258657078
1,fold_honest,4,1254,0.20123351833413206,0.962737085631507,0.808730348730246,0.9009721798653599
1,fold_honest,4,1095,0.2993732701324916,0.9846471060644739,0.6890711265370221,0.9055700802080314
1,fold_honest,4,429,0.7145299980956206,0.9758706867709109,0.055442279771824005,0.06640152065604212
1,fold_honest,4,115,0.5807447215106827,0.9977023843913434,0.058072351861408945,0.16854104836502118
1,fold_honest,4,1748,0.2935819939819488,0.8315283756160264,0.7661784419633106,0.8212753247899688
1,fold_honest,4,2224,0.6756945782464606,0.9146199330771567,0.8830914616059721,0.9012478517759853
1,fold_honest,4,1285,0.49243668672834806,0.725882367965972,0.5701650036362294,0.8736294025575448
1,fold_honest,4,69,0.6634601822351011,0.9012970144249266,0.0713132972073161,0.07609145545786901
1,fold_leaky,0,1090,0.1730348997864393,0.8919463603910562,0.9105827151892744,0.8793216251954673
1,fold_leaky,0,2794,0.45162493884694116,0.9777076257599461,0.1732032240650703,0.7676532791341817
1,fold_leaky,0,1957,0.6300724627425163,0.9693370818912421,0.3053306082853981,0.7471542220790774
1,fold_leaky,0,2912,0.4916878423427246,0.9480073384670967,0.24456836477771987,0.7995416581730491
1,fold_leaky,0,1443,0.6979293554952387,0.716432066692505,0.8642863164761588,0.8672489546636138
1,fold_leaky,0,597,0.5843865818698054,0.9474965917797076,0.048993861681510126,0.05426638068946683
1,fold_leaky,0,2572,0.5087030369881065,0.9514136605656096,0.2512243097332931,0.8723121653833635
1,fold_leaky,0,1976,0.6702273960791919,0.975691346522321,0.7617029454404659,0.950977301843968
1,fold_leaky,0,2585,0.4952872188670361,0.9750073087058382,0.42592140441292387,0.920966023443818
1,fold_leaky,0,2423,0.5081561314119074,0.958714958521471,0.19264325955373351,0.7837592403027847
1,fold_leaky,0,2522,0.4248417747938739,0.9834448551813768,0.44828091719845903,0.9634548481530034
1,fold_leaky,0,1285,0.6185197570436629,0.7586866905719721,0.7749321922500694,0.5482096159985117
1,fold_leaky,0,2427,0.44693181908431656,0.9769169747442178,0.5809827011039395,0.9690777704242038
1,fold_leaky,0,2760,0.35023270215643443,0.8485265026773012,0.2848802861396451,0.9025163328921306
1,fold_leaky,0,103,0.2785039809863037,0.9434095733568586,0.4735512336394132,0.8001686124135835
1,fold_leaky,0,1685,0.3726286169661837,0.8785597328161963,0.8832494952996282,0.9251178825417848
1,fold_leaky,0,2145,0.5147542850552745,0.9054286741462717,0.6738953982974042,0.9444505306702031
1,fold_leaky,0,3021,0.3287389016103199,0.9160586493374894,0.42012841901676584,0.936459891939695
1,fold_leaky,0,1640,0.5915798714089835,0.837737321380849,0.9049730176968519,0.9337280648350668
1,fold_leaky,0,211,0.5410603913817107,0.9909634615297012,0.07074040261595284,0.10926556316093766
1,fold_leaky,0,1742,0.3756871697993603,0.8541676997948362,0.8446806102357948,0.7136728770624637
1,fold_leaky,0,2642,0.5095609443948832,0.9260497477917684,0.3032294289943672,0.9072174447724044
1,fold_leaky,0,2056,0.5282171181912715,0.9698194118955515,0.4406789564379083,0.9094736466014388
1,fold_leaky,0,2384,0.5823350754769624,0.9486590122432229,0.5069616471597811,0.8873653950808779
1,fold_leaky,0,1184,0.45904636907519536,0.9230167279738637,0.8641655932320756,0.9043464757067302
1,fold_leaky,0,2001,0.545043370787444,0.9778530453058549,0.6334656106999467,0.9552125314390763
1,fold_leaky,0,1133,0.3004134062960345,0.9187026924230347,0.91355666107194,0.8662254941633105
1,fold_leaky,0,2584,0.475346604740183,0.9749904993739769,0.35409340455998045,0.9090700629790912
1,fold_leaky,0,1418,0.49857486080353347,0.538027179736302,0.8700950939822419,0.9047939020413335
1,fold_leaky,0,983,0.7101031340152615,0.8652073643229693,0.9045696080298808,0.8692350413244009
1,fold_leaky,0,2414,0.48452254830015,0.9613539479650339,0.23727601673661933,0.8565700807352075
1,fold_leaky,0,2087,0.5918728849430075,0.9750298817988904,0.5627656669322667,0.9439463734363054
1,fold_leaky,0,1627,0.4282850579418627,0.8835867232861643,0.8470758834309706,0.8362564577285095
1,fold_leaky,0,752,0.2903761359444542,0.9652957017337476,0.324867325431931,0.9122782820735925
1,fold_leaky,0,2541,0.4448257583194669,0.9798375079859695,0.4632748099425879,0.9257500745072171
1,fold_leaky,0,2998,0.5678909573812698,0.9476622902332065,0.26980553080469766,0.8478609839595654
1,fold_leaky,0,238,0.5969530634608176,0.9789573890988581,0.06305419096980233,0.12073043597626326
1,fold_leaky,0,2669,0.4762491317010337,0.972772921595903,0.3022770468396258,0.8683150002741188
1,fold_leaky,0,1733,0.4409490108409212,0.9021082723017887,0.8720912932886323,0.8970693980583598
1,fold_leaky,0,748,0.26500709133807154,0.951423512873886,0.32379839883443695,0.8549341316945489
1,fold_leaky,0,2773,0.26627279482770005,0.8821400502056349,0.18074987855830768,0.7843375025270743
1,fold_leaky,0,1478,0.3314190116921518,0.8719031569745145,0.9214697076620686,0.8978064267335422
1,fold_leaky,0,1486,0.34458005265392155,0.8812545130851356,0.8691175690203505,0.8027136117417119
1,fold_leaky,0,1317,0.5269836429138288,0.6744069070076392,0.8066258669678807,0.5438242045311942
1,fold_leaky,0,1410,0.5743960571108263,0.7174960820293006,0.7032909693869961,0.4162255844869889
1,fold_leaky,0,1082,0.38690057762141805,0.9073387703071918,0.9011753942979005,0.8907678901611076
1,fold_leaky,0,2900,0.5273818231962278,0.9868791298833864,0.7631116920787536,0.9826159733014979
1,fold_leaky,0,1925,0.5669457919917033,0.9375315062073297,0.3902997115501607,0.8471410130388198
1,fold_leaky,0,1747,0.23543746471359,0.8888058432993212,0.8812529629759245,0.7661725781182046
1,fold_leaky,0,718,0.4133732852416721,0.9556531055999103,0.3539576209206681,0.9015498302671441
1,fold_leaky,1,2415,0.6313272237240775,0.8944872066835048,0.8773509639681183,0.9435083469472781
1,fold_leaky,1,1380,0.12277846091585942,0.3571307516993895,0.06671020532802666,0.059493420903575574
1,fold_leaky,1,736,0.22608415385528885,0.9871352785795556,0.7633534292868641,0.9651253755906435
1,fold_leaky,1,293,0.6883314271702202,0.9935010236697461,0.16888027441820339,0.2450466982019342
1,fold_leaky,1,1625,0.28298402687787716,0.9648624557410178,0.6137852584649909,0.33954780815073893
1,fold_leaky,1,2285,0.49974788211960797,0.9643016879468188,0.9351056740566974,0.9706000473709037
1,fold_leaky,1,529,0.6332755388343964,0.9398176188293218,0.050936166781574296,0.09185062214607703
1,fold_leaky,1,153,0.49803444571391864,0.992838206026247,0.032217695053077484,0.1493491314579898
1,fold_leaky,1,34,0.6117999403801633,0.9812522227234416,0.043349569353471895,0.14600369303381594
1,fold_leaky,1,1652,0.41850888880197795,0.9373833409068649,0.5888457915226558,0.30553682173543784
1,fold_leaky,1,2140,0.5809424953696756,0.8967677743289363,0.9353937203306895,0.964652900277561
1,fold_leaky,1,680,0.7433717935631166,0.9871475203913086,0.060819806019415945,0.2291604113604025
1,fold_leaky,1,2387,0.42316009604214094,0.8599976215173598,0.9003496150193945,0.9677158159949836
1,fold_leaky,1,122,0.42532126134266235,0.9747950503809322,0.04506932673629359,0.048434777299789594
1,fold_leaky,1,2336,0.5672990441279562,0.9467651841865629,0.8234553377385184,0.9710421692579985
1,fold_leaky,1,1772,0.23211178247450392,0.9886818497052073,0.6132373546559912,0.3939019610190038
1,fold_leaky,1,3053,0.5549916911125422,0.9515740486142245,0.708655735922084,0.9513014218162945
1,fold_leaky,1,872,0.41497477168184344,0.9057034354719894,0.47682788332375436,0.9218225657179053
1,fold_leaky,1,1109,0.44399810023353387,0.9323088921932028,0.5383805617433498,0.5662268251866667
1,fold_leaky,1,593,0.6584562551502225,0.963987623429287,0.04334828938333292,0.15625078850388846
1,fold_leaky,1,372,0.6523797609154326,0.9938324003216659,0.086844767286934,0.1708322456469112
1,fold_leaky,1,519,0.7486483248078968,0.9106199891499198,0.06928026760654261,0.053678971844874336
1,fold_leaky,1,1072,0.5171873852045143,0.906895375924603,0.5942619584460104,0.41311273791700154
1,fold_leaky,1,1427,0.45651719104813426,0.7537285372827497,0.25863803484048264,0.24854047408542806
1,fold_leaky,1,1784,0.5117470538240682,0.9233499865608328,0.5631614788598737,0.3138948829654677
1,fold_leaky,1,2405,0.6517323508332434,0.908553353256287,0.9076692855225552,0.9653030537313554
1,fold_leaky,1,1915,0.6003686826401723,0.9113968108621502,0.9373228306482945,0.9333049308922028
1,fold_leaky,1,2341,0.6529912772120395,0.8761384607389526,0.928026813793956,0.9680010009413272
1,fold_leaky,1,1342,0.5987835765263297,0.7434840501100924,0.49844703309081156,0.6760080750260683
1,fold_leaky,1,1265,0.2201080904621393,0.9606350118404834,0.4360791901706354,0.18253181590206885
1,fold_leaky,1,2483,0.6014033060714518,0.9600326395201573,0.8883121507919431,0.963884938523715
1,fold_leaky,1,2822,0.29261167156199713,0.9672930323458229,0.7804472288265302,0.9759105451901595
1,fold_leaky,1,1642,0.6113038961986454,0.8822070742590229,0.5875548198231144,0.5447424997724664
1,fold_leaky,1,1997,0.5815722894913051,0.9100921461340848,0.9366753389500556,0.9531338492845546
1,fold_leaky,1,78,0.6677984363062078,0.9902455214784025,0.2315341496842124,0.286848423785326
1,fold_leaky,1,42,0.4067922306075699,0.9830101835885923,0.031571635053058815,0.09241803561708449
1,fold_leaky,1,769,0.3084015940131598,0.9646682423077363,0.8188763681492692,0.9666322199550542
1,fold_leaky,1,1610,0.44446335237726275,0.9665175899150497,0.4809127046663685,0.33749514718121126
1,fold_leaky,1,2358,0.6136203667146571,0.9334618863008194,0.9018548592326363,0.9531874674549374
1,fold_leaky,1,3,0.5552833517264973,0.9963573292503609,0.025286385928395987,0.153389034693858
1,fold_leaky,1,1,0.49956618423950244,0.9963093044602179,0.027905296867527286,0.12855813224474122
1,fold_leaky,1,2326,0.5608917237027806,0.897492539150075,0.8317595789920567,0.9660810649826201
1,fold_leaky,1,147,0.6654068459608183,0.9693433424975838,0.07798485975893397,0.1764510319330932
1,fold_leaky,1,296,0.7321594938129775,0.919824928003102,0.14189142663751544,0.10355939123889717
1,fold_leaky,1,1739,0.46654000597600875,0.8720671957030856,0.5862106213527873,0.40398367480973274
1,fold_leaky,1,2184,0.5927229309965362,0.9392998108642688,0.9305473926467632,0.9615276477701146
1,fold_leaky,1,1216,0.5331478589131232,0.8808983808555,0.5863425790163574,0.5132442252716847
1,fold_leaky,1,3018,0.44217767911174394,0.969361804405522,0.6414193419973623,0.9340155433711349
1,fold_leaky,1,3015,0.5045492250623171,0.962746615050009,0.6700343163345456,0.9465074118075901
1,fold_leaky,1,2340,0.600257247540867,0.9339232126827595,0.883977189958238,0.9596000446686141
1,fold_leaky,2,1070,0.49738002432155665,0.949539113853944,0.848844645018642,0.7529300815088447
1,fold_leaky,2,2014,0.44496256349981306,0.988900060044383,0.6432578733929776,0.8901005997197768
1,fold_leaky,2,1663,0.3743625340111048,0.9555496164485906,0.8643689417055741,0.6794605423626252
1,fold_leaky,2,612,0.650125189545717,0.9388654299914286,0.11416349421675216,0.09619165979176839
1,fold_leaky,2,2591,0.5947111223982314,0.9578228206284657,0.30777930931279635,0.842564977457205
1,fold_leaky,2,135,0.5731755254240184,0.876229608292473,0.09110885101802765,0.15084590225345967
1,fold_leaky,2,2225,0.62246390359241,0.9826735024891641,0.6946453115159208,0.8992600550504439
1,fold_leaky,2,1051,0.2355851494772205,0.9903663477850888,0.8715082210790347,0.7610541705234566
1,fold_leaky,2,1865,0.4362066986424758,0.973370906308873,0.5376572415858687,0.7716797932558361
1,fold_leaky,2,1437,0.40308320723926616,0.8388377648798454,0.8208437456710177,0.7319862247261749
1,fold_leaky,2,1416,0.5687976475053392,0.7956762705167533,0.8610089810978507,0.773565228859186
1,fold_leaky,2,1766,0.2521982889395114,0.9286986628193314,0.8290910409639912,0.8241518937889962
1,fold_leaky,2,2126,0.6285450713885995,0.9223205365147916,0.6118764175976419,0.8320543249309946
1,fold_leaky,2,2182,0.6812737477617813,0.9593655611614087,0.4173235693769482,0.7584614853798745
1,fold_leaky,2,1395,0.4961179046403398,0.8447506147643495,0.6509425231268657,0.6018381504281376
1,fold_leaky,2,1840,0.5510394696386207,0.9441840235866743,0.4828526568123881,0.7751988253320985
1,fold_leaky,2,2950,0.5252301042088147,0.9167734745747946,0.09386421448615861,0.6253454166177034
1,fold_leaky,2,3000,0.4191517361299591,0.9807312621150585,0.23215026191016422,0.6913502386465848
1,fold_leaky,2,2875,0.4296356147194961,0.9232077148923536,0.08850709159946282,0.43954812823670053
1,fold_leaky,2,2066,0.7403062131114504,0.9468031812237092,0.680171169734997,0.8057025743818281
1,fold_leaky,2,1788,0.39547080424128983,0.978389524878478,0.8398189563087392,0.7526480128658385
1,fold_leaky,2,2276,0.4784429815487356,0.9729823281249621,0.501464649517569,0.872406512345615
1,fold_leaky,2,987,0.5519653113858243,0.9203554936886612,0.9073396329352234,0.7901829536392457
1,fold_leaky,2,1593,0.2965468306645153,0.9706792959596544,0.865091125195732,0.7617794143176181
1,fold_leaky,2,1777,0.3333541620442554,0.9940570291376445,0.8608609590722768,0.7066383694633557
1,fold_leaky,2,1268,0.15670883699797797,0.9118209182402376,0.6893121798383784,0.2951761204565219
1,fold_leaky,2,541,0.6413725450223939,0.9741756894117298,0.10862221562281922,0.17239378921970328
1,fold_leaky,2,835,0.2729596700321833,0.9508263353853516,0.2659989857885212,0.6823541354569154
1,fold_leaky,2,554,0.49547159771523464,0.972783585298778,0.0706901497858372,0.09827774262682899
1,fold_leaky,2,935,0.5134258447378298,0.8121020864744015,0.7183663334168271,0.6870192263616315
1,fold_leaky,2,295,0.7584358108769247,0.9854869113888174,0.2324551982384612,0.18604813352327
1,fold_leaky,2,2071,0.7426018897047246,0.9348146413501628,0.5745481810875818,0.755335841472831
1,fold_leaky,2,2329,0.5791796983067631,0.9817769376701219,0.5098261316217796,0.8837880462518541
1,fold_leaky,2,1307,0.5872300360501774,0.9493340782515886,0.8676942866827165,0.7703292972434369
1,fold_leaky,2,483,0.5526491025669444,0.7054287522849484,0.07257432914615938,0.13140200480278028
1,fold_leaky,2,472,0.6650121441902118,0.8614900308620775,0.05025259930457373,0.14203013560903374
1,fold_leaky,2,879,0.2097847600629282,0.8817299450438811,0.22256818392842045,0.6068593598605247
1,fold_leaky,2,926,0.6272592413512698,0.8981275126143188,0.7955749269143668,0.7859078137957186
1,fold_leaky,2,1049,0.3137871467263963,0.9792501297850655,0.8524295412472032,0.7943868945003488
1,fold_leaky,2,356,0.745138225816808,0.9132333244945455,0.1485472014727729,0.1370451732346199
1,fold_leaky,2,2103,0.6395413048591521,0.8837310305899911,0.44721589268218465,0.7196118318703268
1,fold_leaky,2,690,0.595345122427252,0.7946305050983975,0.058886133338555934,0.10565911918283931
1,fold_leaky,2,889,0.3696093293465496,0.9720751419004139,0.4100525730179044,0.7216618563659128
1,fold_leaky,2,2013,0.4582755436107506,0.9793749028532911,0.6207617603608274,0.8708059578624374
1,fold_leaky,2,2705,0.269662348923647,0.9622995086264919,0.47361221870084347,0.7637191397854844
1,fold_leaky,2,2796,0.3787168226573362,0.9799496800126745,0.13326939657566317,0.5649269034234303
1,fold_leaky,2,1544,0.1914634077338447,0.8973891089767769,0.7355198961601246,0.6606077000983439
1,fold_leaky,2,1818,0.13853846490394284,0.9652813367132212,0.8170911451404896,0.6206926548002971
1,fold_leaky,2,2505,0.5767792886620795,0.9809864921838624,0.6293619962192938,0.8816148729665843
1,fold_leaky,2,1611,0.3881770359617729,0.9669982178970619,0.8175195987221705,0.7014595344175621
1,fold_leaky,3,2249,0.6695558788796545,0.9601018686962375,0.828728166474172,0.9471461795245497
1,fold_leaky,3,1023,0.49236348651442197,0.7581049376232692,0.5042327320204967,0.21581986516796361
1,fold_leaky,3,355,0.5521123144022493,0.9676974714473507,0.08150001187073495,0.09672879267908946
1,fold_leaky,3,2728,0.619412847223207,0.9804809403282646,0.7515513100031747,0.940698532430379
1,fold_leaky,3,1926,0.7024812922998311,0.9752790526206585,0.8534112036066623,0.9553353576368547
1,fold_leaky,3,1504,0.2570818768076513,0.9628300290359944,0.7621247258675237,0.6003753930283948
1,fold_leaky,3,2687,0.6862965180266565,0.9669407056879171,0.6863324487479688,0.9368819079809699
1,fold_leaky,3,379,0.5712360808464262,0.9713413879947679,0.09673369778228129,0.1459649101257035
1,fold_leaky,3,546,0.5726135601972621,0.9796922921823167,0.0835940828208327,0.21148900232006154
1,fold_leaky,3,819,0.5861414192827674,0.9756688377689285,0.7704097504135962,0.9423916946199119
1,fold_leaky,3,2335,0.6147550865716767,0.9584921309180979,0.8169807561563935,0.9662788236503043
1,fold_leaky,3,3023,0.4958778789863275,0.8718055045622406,0.7744857500739661,0.9280481982415801
1,fold_leaky,3,1461,0.37923257056180015,0.981150268192156,0.7976099921411796,0.8282696445269405
1,fold_leaky,3,2417,0.6739003753871062,0.8849809795011628,0.6823181812039683,0.8984041414284493
1,fold_leaky,3,1983,0.6721908214777632,0.8363313271991648,0.8287751058304245,0.9327087870083882
1,fold_leaky,3,1010,0.5437953639808182,0.8588521268524049,0.4662835763895656,0.37910937307056813
1,fold_leaky,3,1309,0.4443266358128831,0.5611161737230147,0.6184942782405118,0.2780334337965505
1,fold_leaky,3,44,0.6847790320016616,0.9152237028489364,0.10685761377287552,0.14929095120360406
1,fold_leaky,3,382,0.6005316311689521,0.9493086682561291,0.09008475534975166,0.26579444189307966
1,fold_leaky,3,2391,0.6339539350158944,0.9127700455826516,0.8614860966110279,0.9577296806305732
1,fold_leaky,3,1374,0.538341385592577,0.9341554797482582,0.6289065607885203,0.5014541704933473
1,fold_leaky,3,380,0.5833021041382417,0.9730307508678157,0.09617364457532246,0.2068482639579645
1,fold_leaky,3,1242,0.33221761416643847,0.9609442216923879,0.6954867360550357,0.49196468696279727
1,fold_leaky,3,1015,0.5751380307058808,0.9277681600212178,0.5833465190564534,0.488689842661225
1,fold_leaky,3,1950,0.6850952918122151,0.9745068938954857,0.7280954232021254,0.9329447467533435
1,fold_leaky,3,1842,0.7540327345985653,0.9129270994369053,0.7613788272553522,0.911036227579105
1,fold_leaky,3,225,0.5641586840130765,0.9889414328285873,0.13382892251762057,0.19781410417600662
1,fold_leaky,3,1026,0.6989739530631317,0.9197926277066676,0.6982912234863984,0.5804564533244382
1,fold_leaky,3,2473,0.7056056065205721,0.967574303296195,0.8699032575419476,0.9417140166000795
1,fold_leaky,3,1849,0.5636417836542431,0.9596641901179636,0.8715331324421306,0.942392077381314
1,fold_leaky,3,2732,0.5887514797089222,0.9375424862468653,0.7668238283249036,0.9402051151537679
1,fold_leaky,3,2772,0.3218054142770208,0.8874992564239192,0.7525979387383832,0.9382918267329674
1,fold_leaky,3,505,0.8273992099501049,0.9861982887948161,0.17036673785496165,0.32702109465026297
1,fold_leaky,3,2970,0.6112923725485583,0.908119629779878,0.38724161505197857,0.867290546083514
1,fold_leaky,3,2452,0.6186556677240165,0.9592103387534439,0.8571121924110137,0.9494907676633709
1,fold_leaky,3,1704,0.3498812766261019,0.9969193290298975,0.8150950897047272,0.5175844821381046
1,fold_leaky,3,227,0.6064642261801648,0.993087218381816,0.07952130889334884,0.13471337367830497
1,fold_leaky,3,3046,0.5366044910511772,0.9778759412886814,0.5595264504194422,0.905506527964388
1,fold_leaky,3,1823,0.22534236894382645,0.9934062966269118,0.7452416550964998,0.5662355363595879
1,fold_leaky,3,1692,0.3422216238925882,0.9959320488649572,0.7665569462245615,0.6888288245696755
1,fold_leaky,3,2197,0.662741859720269,0.9868239645824806,0.7904859654372558,0.945284229684241
1,fold_leaky,3,741,0.247172661936029,0.8385644675792571,0.5436853512050108,0.7845678441686798
1,fold_leaky,3,1474,0.21209852931853526,0.9920355842593697,0.7366710235240004,0.5991408150406717
1,fold_leaky,3,2346,0.6260326970338925,0.9513386613730939,0.8049518693587743,0.9732443668786912
1,fold_leaky,3,480,0.44477944687063503,0.9793199520179175,0.07943845806555462,0.10991887532248498
1,fold_leaky,3,2842,0.7040545268528334,0.983882817628613,0.714990275681532,0.961774526789371
1,fold_leaky,3,1988,0.7261930376728425,0.882786362343444,0.8133645026840041,0.9165898149308027
1,fold_leaky,3,538,0.5302965643792531,0.9556525110537947,0.07607162681619675,0.1647287434413315
1,fold_leaky,3,905,0.4348061739276128,0.963681803324274,0.5692826823072451,0.9109706733592879
1,fold_leaky,3,1030,0.5749182693638878,0.8307754368748758,0.5321493057546868,0.28923338770425977
1,fold_leaky,4,1392,0.4361656789817284,0.6239124582170359,0.8702301709278373,0.5643597651093044
1,fold_leaky,4,2353,0.7106678652516518,0.9799577844268594,0.7707665626776918,0.9484631367020633
1,fold_leaky,4,2533,0.5917393122348289,0.9735370736078559,0.6567294614886087,0.9208932683948067
1,fold_leaky,4,1423,0.3542779356191334,0.7508072433585619,0.8059559067285367,0.3411345395111961
1,fold_leaky,4,1081,0.2986443933070998,0.901915860081113,0.8571080252265663,0.558401867484333
1,fold_leaky,4,2848,0.6143957561247849,0.9621594894418436,0.6811174649409046,0.960111074331359
1,fold_leaky,4,74,0.5673555629446685,0.9770456719359535,0.04933527247198888,0.21262398065272817
1,fold_leaky,4,1670,0.08294736465062187,0.9036167775826025,0.8165296308870893,0.45520740148744415
1,fold_leaky,4,1644,0.3581066913709724,0.9467072078978347,0.9295998666469928,0.7937187342821355
1,fold_leaky,4,9,0.5365036046773918,0.997499695399358,0.10246809946077018,0.28886219628948684
1,fold_leaky,4,2823,0.35064370219051666,0.9835760252798518,0.9143531241036039,0.9686435039329808
1,fold_leaky,4,2878,0.545751020663337,0.964823878455458,0.21894564877547226,0.917292970562311
1,fold_leaky,4,2967,0.6717817278784387,0.965766417237987,0.231612506342089,0.9272795187728716
1,fold_leaky,4,2969,0.5537329607314135,0.9677387155522355,0.27146142618243624,0.892990207031716
1,fold_leaky,4,2618,0.5531647774935533,0.9665776938805831,0.5762528270127832,0.9267602429103952
1,fold_leaky,4,585,0.5576290273842905,0.9966115543098494,0.035433024759761476,0.04023143780136758
1,fold_leaky,4,1779,0.11050037890846416,0.9698028730285563,0.8540041114438838,0.48333096677943477
1,fold_leaky,4,2504,0.6444395451167388,0.9821607803359238,0.8705282410825317,0.9643808340687039
1,fold_leaky,4,1009,0.5426431017368318,0.7233894294012297,0.6686970891855057,0.35148818599109477
1,fold_leaky,4,341,0.5673661712439475,0.9966141004923124,0.04528096343113118,0.12767926948662983
1,fold_leaky,4,2365,0.6176335357185406,0.9348373261440133,0.8051374547245286,0.9578921579309189
1,fold_leaky,4,1758,0.48329330841910895,0.9626963359888225,0.02478629962892766,0.03351199337226968
1,fold_leaky,4,1379,0.6217390803889876,0.8729270803629259,0.04873161071488112,0.05109151699386939
1,fold_leaky,4,982,0.5918278573086837,0.8019767302137144,0.8847788525875943,0.5988528057024103
1,fold_leaky,4,317,0.5217937378721235,0.9974097616611789,0.04489217585476544,0.08764361392520319
1,fold_leaky,4,1189,0.3719588415544273,0.8315512167909943,0.8726120298996816,0.6854059528808908
1,fold_leaky,4,1272,0.23378041099857336,0.900159067159509,0.9186962018619832,0.5969715831553022
1,fold_leaky,4,562,0.4302403796872109,0.9804479138277072,0.03662123257195812,0.046238193592794144
1,fold_leaky,4,940,0.5544259450371658,0.7704524646499207,0.84169564559065,0.5353069379406016
1,fold_leaky,4,2256,0.6695167591750184,0.9454715212424553,0.625776029450282,0.9475952935837476
1,fold_leaky,4,95,0.46858681706303,0.9797420720154022,0.03429850333921014,0.06190216645303996
1,fold_leaky,4,374,0.5593135091558553,0.9912871305286713,0.04568893607571152,0.21391892839803442
1,fold_leaky,4,423,0.6040928533813936,0.9778461371327523,0.035679690449110145,0.15732056146298518
1,fold_leaky,4,1886,0.6791486844571297,0.9308731127702583,0.9577967326836282,0.9692982392045859
1,fold_leaky,4,1271,0.36754285951477006,0.9269058858579006,0.9168452398057989,0.9326297796933617
1,fold_leaky,4,1614,0.312364133513219,0.9504055796269498,0.870233781693375,0.5472181209901166
1,fold_leaky,4,1884,0.7038788313268236,0.9253164305617766,0.9471850019561279,0.9545724906308851
1,fold_leaky,4,662,0.552181973998739,0.995242179968936,0.03461586273242203,0.1482002536923407
1,fold_leaky,4,2786,0.4709019998922393,0.9783692650344907,0.22691713938280486,0.9182315640726451
1,fold_leaky,4,570,0.6211409515075206,0.9118696233627092,0.04429729795987329,0.12546012233095716
1,fold_leaky,4,186,0.4619277328682222,0.998421767319087,0.047169239976733945,0.10793833968871847
1,fold_leaky,4,1738,0.42120688099013787,0.8932943924327799,0.9184585001803127,0.7764564416839324
1,fold_leaky,4,1919,0.6629409582017949,0.9724027719586251,0.9345866102768032,0.9822165955865413
1,fold_leaky,4,443,0.614067059696286,0.9941314367627326,0.02979550952393914,0.1021327813446638
1,fold_leaky,4,431,0.6110839096678431,0.9209551941258929,0.04535920094148962,0.1119762398218056
1,fold_leaky,4,598,0.316886442351275,0.8714472102519536,0.21362493845009917,0.879132728124446
1,fold_leaky,4,1963,0.649743688203114,0.9628892507141561,0.8728303498545739,0.9603441340257224
1,fold_leaky,4,1722,0.19089428836882782,0.9131664791624345,0.8950193166698339,0.8523096329721442
1,fold_leaky,4,2065,0.6997277073690438,0.9708937054930009,0.9613103191225733,0.9744428896359453
1,fold_leaky,4,2467,0.42788236196852547,0.8923612585595966,0.8585039581450139,0.9698804690412303
2,fold_honest,0,2566,0.7429085980544855,0.9732157619425323,0.8669697056466248,0.978456640675455
2,fold_honest,0,433,0.25375252013357247,0.9469080980601648,0.12936045573558064,0.1236199744805107
2,fold_honest,0,207,0.2791436103073706,0.9312980596915456,0.2184432077871063,0.26058005441934384
2,fold_honest,0,1108,0.6276754395681675,0.9750906923092066,0.8014907221255196,0.9451329361656872
2,fold_honest,0,1043,0.5957294875549208,0.9784095714484076,0.8507610696999889,0.9295676592856229
2,fold_honest,0,2802,0.8003816219635916,0.9768026288710439,0.2762705765641414,0.8924068292087344
2,fold_honest,0,271,0.37338614854629015,0.8687768691496025,0.11953741850455267,0.20937621271774073
2,fold_honest,0,2943,0.7474747086478378,0.9409139011012466,0.3925858822565678,0.8576862731531537
2,fold_honest,0,1937,0.8457635640706012,0.876270569422002,0.7543811451754181,0.8239808891007762
2,fold_honest,0,1812,0.15503457309416854,0.9476665503527181,0.8602980099848889,0.672412751006718
2,fold_honest,0,1177,0.6771014769067417,0.9594379003855817,0.9002963191430483,0.9459181242677079
2,fold_honest,0,250,0.11815514672405104,0.6256949355643437,0.0892499645348779,0.04911511373578907
2,fold_honest,0,2800,0.7988429807010107,0.985014683306835,0.2757492667045955,0.8395123030647055
2,fold_honest,0,247,0.31921668036300954,0.8085592097031994,0.07417926810907077,0.0541946863326191
2,fold_honest,0,738,0.2816858689447126,0.9125569764588846,0.21356597353483914,0.16169178496019584
2,fold_honest,0,1230,0.564484357073302,0.966526064878016,0.8694260073920749,0.9071847256724438
2,fold_honest,0,1867,0.6735555168956383,0.9780629522544902,0.7505412821940679,0.8364548889839338
2,fold_honest,0,1229,0.6102361595869892,0.9722183018136408,0.8509148122957784,0.8799590959916916
2,fold_honest,0,2324,0.8155509013437893,0.9173659883315998,0.8390057074768488,0.8937260424445042
2,fold_honest,0,1244,0.5304246533229087,0.9731061223963255,0.839175430733511,0.8789595817595873
2,fold_honest,0,2044,0.7966798694236489,0.9256301477642929,0.8375374144834123,0.8661144903780208
2,fold_honest,0,434,0.21129110441733231,0.8972606515694216,0.10543607043050264,0.09792256731931533
2,fold_honest,0,776,0.5629088531324149,0.9870020722499954,0.4359003224164219,0.8036761747540109
2,fold_honest,0,506,0.38161907047841087,0.9193258884529779,0.11514335044877062,0.18102136772084088
2,fold_honest,0,2217,0.8412389144306167,0.944460668932523,0.7795955063674209,0.9175111302637913
2,fold_honest,0,150,0.2881646565831627,0.9468355804125834,0.09174872304631244,0.20818346049819245
2,fold_honest,0,248,0.22073098393185342,0.8125644926307247,0.07563867809652464,0.051636643934986695
2,fold_honest,0,2992,0.7802631077837741,0.9501108676450546,0.20212767924029473,0.8533020460121666
2,fold_honest,0,2582,0.7680342253238173,0.9701297768826445,0.8785789125879314,0.8740614773301711
2,fold_honest,0,1165,0.6043176957692985,0.9711099915997581,0.8748107519872695,0.9258353346839966
2,fold_honest,0,1453,0.2697764589592021,0.9314444686086583,0.6404578715678049,0.6880796422519037
2,fold_honest,0,1491,0.6104046383478241,0.9835523476893063,0.8845280619553166,0.9701036859591188
2,fold_honest,0,860,0.5997007473128996,0.9060092514068392,0.22652108454319522,0.758519663325777
2,fold_honest,0,2963,0.6093646741290435,0.8863455346228355,0.12701090621963626,0.7613507948230183
2,fold_honest,0,1632,0.5755517433566154,0.976176123816653,0.8524166423368876,0.9133403058596222
2,fold_honest,0,925,0.6306133626880627,0.927648204682889,0.8579996460193426,0.8916927888557049
2,fold_honest,0,3028,0.4681073144293266,0.9755038291795598,0.6871281563843679,0.9819212062510053
2,fold_honest,0,1448,0.5578095284275761,0.70516729199242,0.5460406922584112,0.49607771201230283
2,fold_honest,0,1834,0.38702840235545205,0.9801844715162141,0.9065687103655513,0.9224932634803866
2,fold_honest,0,2731,0.7476673761420711,0.9739191409756374,0.4645689840295485,0.922053453055144
2,fold_honest,0,931,0.5426844066069508,0.9368618304326854,0.9028471185723604,0.8487753202266782
2,fold_honest,0,745,0.6299462093036116,0.9775246342356622,0.6048398106192638,0.9257714406359105
2,fold_honest,0,2465,0.8265612234126264,0.9957174915886883,0.6868468776894068,0.9778011470298966
2,fold_honest,0,977,0.6970223366729535,0.9541284177031807,0.7859451394366,0.8387655591008927
2,fold_honest,0,1619,0.3390305872106145,0.9418624607057369,0.7673516845959002,0.8184217756871865
2,fold_honest,0,1617,0.33098406561327226,0.9381561281351963,0.7586012704396498,0.7965115401929491
2,fold_honest,0,1370,0.627759354271598,0.9815728618010252,0.8880629424387066,0.8804564236898489
2,fold_honest,0,1615,0.32071113561954806,0.8754886131964111,0.5616496151083918,0.5760479153238465
2,fold_honest,0,270,0.31774814505330806,0.9503219782814921,0.13430689287700687,0.23729872759398934
2,fold_honest,0,771,0.6421886590577179,0.9601628606086502,0.5145811774133591,0.9013747471593776
2,fold_honest,1,225,0.3226972846838477,0.9869936187335822,0.1904820295412162,0.28496513536918766
2,fold_honest,1,1802,0.41967888168600975,0.9825779557114049,0.7592898817336169,0.9640097109962026
2,fold_honest,1,1850,0.7311006441168316,0.9568646118622178,0.8255307510808795,0.9475642675700199
2,fold_honest,1,181,0.31816491428468663,0.9933678691693562,0.28824345702831083,0.5308604800508818
2,fold_honest,1,1886,0.7937417607314942,0.9636146225918998,0.9051646092889963,0.9289613717778501
2,fold_honest,1,34,0.3383758727153579,0.9268196307993447,0.11497792447075232,0.1604118358209606
2,fold_honest,1,40,0.5513159163059829,0.9712387435993522,0.6892913844262971,0.8936163421330631
2,fold_honest,1,1699,0.6044327282300457,0.9959777550443969,0.8561297651244879,0.9840361449953017
2,fold_honest,1,1330,0.5736246564617375,0.9245731156635365,0.7210351195695991,0.7827289270329746
2,fold_honest,1,407,0.2752074332382442,0.9730068159186309,0.16728443177256552,0.22333811247268873
2,fold_honest,1,1100,0.30003764570425784,0.974228080958413,0.6357996253901379,0.942961435711572
2,fold_honest,1,3036,0.8401506460207628,0.91018878192016,0.19597551933155935,0.7619234061783905
2,fold_honest,1,1264,0.2148175441926673,0.9961759736215012,0.8127712135747246,0.8363337791061543
2,fold_honest,1,2845,0.543163699019752,0.9808872863858207,0.7137868398763667,0.8542444903702874
2,fold_honest,1,488,0.32544323374806516,0.8027743969331804,0.08808565845018686,0.13272560179222864
2,fold_honest,1,255,0.29914318443464866,0.7497837184441314,0.7009901229829092,0.898636732426263
2,fold_honest,1,1103,0.29170308200308664,0.9882141122931843,0.7230354384014298,0.965827803230816
2,fold_honest,1,95,0.3377111312117765,0.98223591297366,0.08591120190891272,0.12650254132836847
2,fold_honest,1,252,0.3491354761616985,0.7506936772314272,0.14737477589428916,0.05026021971919976
2,fold_honest,1,1700,0.6252175725221976,0.9829110409387352,0.8375505207104095,0.9518208722298851
2,fold_honest,1,1295,0.5057181188104941,0.6437082975908381,0.46086571772038765,0.4118381927879195
2,fold_honest,1,1007,0.5426998856567722,0.9683499619797138,0.5279577286826086,0.6889639080683843
2,fold_honest,1,2248,0.8044848027472783,0.9469633422963016,0.732538388878088,0.8289782678380571
2,fold_honest,1,2860,0.7548303652759071,0.9670918023151973,0.49049429607943507,0.8571019811708391
2,fold_honest,1,1801,0.512846368698199,0.9770237106654069,0.7537162752159188,0.95602011689156
2,fold_honest,1,2436,0.7754180865523842,0.9718695766873402,0.8208244479432398,0.9385030011133271
2,fold_honest,1,1756,0.2064394160631625,0.9936285174715483,0.7157198123607726,0.9448267210866516
2,fold_honest,1,7,0.29107898045200575,0.803480409722174,0.0931442474377073,0.08345320257196401
2,fold_honest,1,841,0.30874376900465,0.8019369084323277,0.09539389388199346,0.20079413892503634
2,fold_honest,1,974,0.42681925185499914,0.9869964711251669,0.5220259745550052,0.796091122813499
2,fold_honest,1,1670,0.17911725470147924,0.9474182439461939,0.7712344740450914,0.7253562420148079
2,fold_honest,1,238,0.26110346782832267,0.9275488868861801,0.22884973297810313,0.22707231532323785
2,fold_honest,1,3014,0.7547278007093284,0.9639962914112329,0.7225633675941713,0.9005292775620213
2,fold_honest,1,763,0.2790323814822061,0.47935211546286977,0.10360340165128464,0.09709521108617288
2,fold_honest,1,1323,0.6062573664293065,0.9943175046759353,0.7671711743186818,0.9414596348616048
2,fold_honest,1,92,0.3007663234788271,0.7749392885273163,0.14048907550289982,0.12693576025227157
2,fold_honest,1,93,0.08594918377104005,0.6010466966560059,0.4132814260795998,0.23681468126968108
2,fold_honest,1,2434,0.782655488077209,0.9788656705308573,0.8013035270767951,0.9401855624503008
2,fold_honest,1,551,0.27118409648303016,0.6962343758871758,0.07519560160509935,0.0949124438751898
2,fold_honest,1,2907,0.7500150058191621,0.9158746736547054,0.5934769685756729,0.9215431084906284
2,fold_honest,1,1873,0.7920136081924358,0.940575647254579,0.8761948720250297,0.9418322401292318
2,fold_honest,1,2344,0.7910528669456894,0.9546184416584746,0.7974169838850445,0.952627541437954
2,fold_honest,1,2346,0.7718660643155574,0.9913440878082505,0.7717621998495555,0.9423079866374252
2,fold_honest,1,2343,0.795453280277018,0.9516548520780872,0.8018402771142844,0.9357472661655747
2,fold_honest,1,1390,0.45008190342389076,0.935911421062976,0.48487194839714104,0.8931219919313849
2,fold_honest,1,1404,0.4736402526225215,0.912273429195178,0.3828930851031684,0.4287760466941851
2,fold_honest,1,2486,0.8387874125429352,0.9880718882837125,0.6984574846140518,0.9351032738299442
2,fold_honest,1,2847,0.5450588159023299,0.9730086680668006,0.6768048228203006,0.8061028209800608
2,fold_honest,1,1572,0.08396723242506653,0.8616712780666955,0.5549195830345544,0.8328333751486178
2,fold_honest,1,2317,0.857494047100475,0.9005309075000696,0.7196499665228564,0.7449252377133531
2,fold_honest,2,2951,0.43969780254048263,0.9155212386270122,0.26782571338844724,0.8567067369811561
2,fold_honest,2,1319,0.3739025761873452,0.7974544386520487,0.6353684597130752,0.6678722014283044
2,fold_honest,2,879,0.368521538308674,0.9352442095568759,0.26678507822020486,0.7637642463550389
2,fold_honest,2,367,0.5574149836338248,0.9819903237262874,0.27551539278587994,0.3388769774643078
2,fold_honest,2,1196,0.47667950147267535,0.8990284662321922,0.8376330506218103,0.8914719072291722
2,fold_honest,2,2971,0.4820399015490916,0.967830590799223,0.2760945218083644,0.7858544610264326
2,fold_honest,2,1060,0.41437232347944164,0.9243342916122448,0.7941603903024342,0.9080515065906352
2,fold_honest,2,1725,0.21923509763915458,0.8295354903978532,0.8328526496426298,0.48502711689085415
2,fold_honest,2,1194,0.5631404135786637,0.8773908929822716,0.8618535308763668,0.8860755671975108
2,fold_honest,2,1611,0.4859494643392189,0.9093601255269592,0.8331377553558738,0.8656013327406016
2,fold_honest,2,54,0.6464089981882537,0.9880418380881583,0.35351549545914757,0.5632403977078679
2,fold_honest,2,2621,0.615097171011053,0.9668176045572404,0.6636204606679988,0.7630753657876808
2,fold_honest,2,2557,0.5479999306642601,0.9711367503451231,0.7459357713036743,0.8530404385724533
2,fold_honest,2,2575,0.518726734203353,0.9778065193914903,0.7091720736067628,0.8231008154897219
2,fold_honest,2,2935,0.53321282588461,0.9780989753151293,0.44664117420295363,0.8540874843239756
2,fold_honest,2,1540,0.33884272780277547,0.7856373256957396,0.8398734540856747,0.863427656652805
2,fold_honest,2,128,0.5409396484782871,0.8455457671733134,0.1105092722281537,0.11098726306601969
2,fold_honest,2,1613,0.4343446750796402,0.9432365657988583,0.8753976702787534,0.9003931211399113
2,fold_honest,2,1582,0.4410501918069452,0.9210513189180496,0.8227436952292918,0.8806094537834798
2,fold_honest,2,29,0.5369859888938218,0.9941062930619763,0.124816407241362,0.1511902666550631
2,fold_honest,2,2244,0.5601787151672583,0.9757744286824683,0.7650900258105343,0.9032232851593053
2,fold_honest,2,2509,0.5357108459420672,0.9892942727144276,0.7816250264687388,0.9022802933183385
2,fold_honest,2,524,0.5859538203239566,0.9698631271199628,0.06729865907730026,0.11380301964650896
2,fold_honest,2,1541,0.2950375609779053,0.7766029985301355,0.8197156945005896,0.7371837158903612
2,fold_honest,2,1358,0.30671401127850056,0.6442339773717805,0.7961005205739935,0.8245404258032437
2,fold_honest,2,872,0.38212278120698434,0.9494823120618762,0.25657973510295756,0.7910729173879133
2,fold_honest,2,1462,0.744560848858578,0.9486735333469981,0.8110366949837713,0.9296901381683859
2,fold_honest,2,229,0.16841276037054315,0.7769495012759706,0.5046721882797416,0.6325785800653073
2,fold_honest,2,1509,0.2732540384224231,0.9020897028632153,0.7490953591471652,0.8232954572583311
2,fold_honest,2,1696,0.3141376388103912,0.9038869678137861,0.8636317813723842,0.8148309715289375
2,fold_honest,2,2834,0.4263501913097868,0.9808718025700988,0.20609994802881762,0.8392880287125936
2,fold_honest,2,2738,0.42695563108296786,0.9757095153273644,0.4239008513538224,0.8453582808089072
2,fold_honest,2,2511,0.3413511927412438,0.9819202042203776,0.603445377172332,0.9289159050849217
2,fold_honest,2,887,0.30656161899642775,0.9611560022357462,0.3480749213156333,0.8678629808026908
2,fold_honest,2,311,0.6576477421343098,0.9941551757142499,0.1759425278253971,0.2665328240096011
2,fold_honest,2,1061,0.3494235732223202,0.9014542962977431,0.7885730949263753,0.8751666724321916
2,fold_honest,2,1587,0.508718381699101,0.9408529356991567,0.8357103683128099,0.9307458530933292
2,fold_honest,2,1772,0.28805767030325097,0.9152789414255661,0.8506037401681651,0.855025532734414
2,fold_honest,2,313,0.5842213606021168,0.9970585362242098,0.2756785283762634,0.41267001373920237
2,fold_honest,2,1808,0.337811689557551,0.8782712343773729,0.7689060932452961,0.7108394668689377
2,fold_honest,2,535,0.4900001466413247,0.9838498113831334,0.08526274025679209,0.13981437056736468
2,fold_honest,2,2417,0.5242847365663358,0.9793968420815465,0.6996480566574194,0.8670150186392546
2,fold_honest,2,2669,0.5578374238402645,0.9806857537204988,0.761606466333377,0.8547833469358976
2,fold_honest,2,352,0.6406312812486789,0.9818857062479709,0.15857258052970533,0.24424804844097614
2,fold_honest,2,2555,0.656371511067846,0.9623902382700923,0.6485919880375446,0.8476994014570813
2,fold_honest,2,2560,0.5869560159709571,0.9647850974276424,0.7650504557282797,0.8878748609324472
2,fold_honest,2,52,0.6662150045128643,0.9494980627680388,0.2235626453376816,0.3603731736946763
2,fold_honest,2,57,0.5817221818350454,0.7886537339666629,0.2060047169547479,0.18075060885812677
2,fold_honest,2,2553,0.5189897874981991,0.905177484667677,0.7891813656445877,0.8474863624180625
2,fold_honest,2,538,0.40516871952526606,0.995218607823944,0.09342607307562689,0.18055595607768055
2,fold_honest,3,2154,0.7703831495386928,0.9485303192216504,0.9306575206977943,0.8218437609184363
2,fold_honest,3,2988,0.8220197775470074,0.9472766263975896,0.40266978173405027,0.7683780630189232
2,fold_honest,3,362,0.4060511519593111,0.8308915297485348,0.704796977931567,0.9032592748586393
2,fold_honest,3,2772,0.33631536524878863,0.9042645790643885,0.10149645740758778,0.09214171850344986
2,fold_honest,3,906,0.5522200280777594,0.9619603295993459,0.2660945806720909,0.7826559730076079
2,fold_honest,3,611,0.30283572523315955,0.9639474474819025,0.09722801577689617,0.31434215135514215
2,fold_honest,3,922,0.4075012779349167,0.7763856260586478,0.8372430444548942,0.8597407022346173
2,fold_honest,3,2158,0.8442754020370371,0.909764988495783,0.9394751555008377,0.7707571947040769
2,fold_honest,3,2329,0.7730991565337292,0.9746582463920611,0.8841087895835161,0.9684502579775467
2,fold_honest,3,1028,0.6470462208597717,0.9378851342540026,0.7545166564137171,0.8863368499602372
2,fold_honest,3,664,0.31975856193517127,0.9621759639691789,0.12467799200570956,0.2985218831481132
2,fold_honest,3,643,0.2816485433038312,0.9251298312506429,0.07530202042633911,0.1092634986928214
2,fold_honest,3,1293,0.5206552508684488,0.9339389857290816,0.7870887605068321,0.8337324652993073
2,fold_honest,3,1188,0.3640857215955015,0.9533748453951023,0.8614675310447489,0.8762760668884897
2,fold_honest,3,394,0.2630250138795696,0.9631212893142888,0.08884470506545397,0.07880182374075809
2,fold_honest,3,1640,0.5087878360639906,0.9643857917969343,0.8420780894645888,0.9272134699419198
2,fold_honest,3,1039,0.21910601077918412,0.7843752031847692,0.7008001833711038,0.8125667260509526
2,fold_honest,3,2253,0.7264303878693347,0.9690507328736462,0.7914908699030816,0.8744737259557765
2,fold_honest,3,2930,0.7649626356670728,0.9443791404560122,0.5463132831631513,0.8414669300147989
2,fold_honest,3,1501,0.44856532262216503,0.9433642270029237,0.7929824097687854,0.880824287481991
2,fold_honest,3,144,0.46757867803995506,0.9532257394249818,0.07656152886868636,0.224385792796446
2,fold_honest,3,2342,0.7369774858341362,0.9596047715485281,0.8689151647909336,0.9543740212482552
2,fold_honest,3,2177,0.7490106333470047,0.9454989180227797,0.7773919224653545,0.9096015997169234
2,fold_honest,3,907,0.5859034006686985,0.9821127704392207,0.47956043633463674,0.9002847749400142
2,fold_honest,3,1459,0.3746555666087316,0.9509964893602919,0.7585182990866941,0.8790452095064601
2,fold_honest,3,1624,0.2740722631525405,0.9129638175743785,0.8062126312050873,0.7635457000198621
2,fold_honest,3,1128,0.6094951507889627,0.8830398722199547,0.8079372414884309,0.784878963061694
2,fold_honest,3,2175,0.7591590232059017,0.9434464697688058,0.8230204201061089,0.9299494377206726
2,fold_honest,3,1313,0.393241218627402,0.8363990713503658,0.33005516773222815,0.7234125426793424
2,fold_honest,3,2983,0.8045590578635433,0.9625566319493596,0.4341927302709652,0.7975927419635012
2,fold_honest,3,843,0.2574581633612534,0.8546423704009409,0.08557393374732264,0.036989262186262306
2,fold_honest,3,2698,0.787652156099544,0.9670716479167637,0.8372568923751919,0.8520236199505494
2,fold_honest,3,761,0.49222870505467176,0.7997402085759914,0.45620764668957253,0.890399819052284
2,fold_honest,3,1206,0.44834990480294623,0.8961649754604951,0.8196542203385971,0.9339473260553526
2,fold_honest,3,2379,0.7646588237934784,0.9343112067459626,0.883407548056887,0.9284301061006216
2,fold_honest,3,2208,0.7388664118640305,0.9513868350976347,0.8195916607427146,0.9010775926533602
2,fold_honest,3,2386,0.7786038064252946,0.9191815314050622,0.8497803128616676,0.9375142280299844
2,fold_honest,3,167,0.44764510433994975,0.9919919214598663,0.08470391961229176,0.2557833825806168
2,fold_honest,3,373,0.2521557149993896,0.9865625894804275,0.12171087420667427,0.15990231583173783
2,fold_honest,3,2700,0.7646785212611799,0.9389076737439906,0.827379511886666,0.9315525797900759
2,fold_honest,3,1504,0.47445885236945234,0.8919261297382111,0.820470113947522,0.8954365182577689
2,fold_honest,3,2594,0.8075947805428974,0.9369400382678651,0.8459489349708228,0.9243084604303087
2,fold_honest,3,1995,0.820236913659087,0.9400914722509511,0.8599737523971791,0.9036391314442214
2,fold_honest,3,374,0.28799071235811874,0.969106759015371,0.10339324302213403,0.24417615855188105
2,fold_honest,3,980,0.5244446724501192,0.784687126025662,0.7882398417010448,0.8048015796580609
2,fold_honest,3,2207,0.7624806129511406,0.9507335611703397,0.8224378447416619,0.9166747933237015
2,fold_honest,3,165,0.4293323619456306,0.9924926019691842,0.09285118475533209,0.25551064780524846
2,fold_honest,3,1439,0.5453654158057418,0.9250356141591863,0.26330595266900136,0.4084179203022433
2,fold_honest,3,1169,0.43105732937365987,0.9135314262233323,0.8389364869389635,0.9022534112552922
2,fold_honest,3,954,0.5515379628973741,0.7855257018965525,0.757638364878236,0.8703792107710852
2,fold_honest,4,757,0.43457757854182033,0.9842539955089725,0.1808929205527253,0.19062807520733296
2,fold_honest,4,1051,0.4672789792876218,0.8829550135703117,0.6529324094020068,0.8222610387607829
2,fold_honest,4,493,0.17275689008980707,0.5853273840772573,0.4234629946500087,0.27962057792869094
2,fold_honest,4,209,0.3341351317283959,0.9955734744090682,0.08761301700078362,0.14968655475337186
2,fold_honest,4,2093,0.7771273262101482,0.8652750599215565,0.6308042525013252,0.895984984666456
2,fold_honest,4,3056,0.5538681738030484,0.973081894939984,0.6421937365257133,0.9325549228821302
2,fold_honest,4,342,0.33471380419248414,0.9983466841275708,0.17753289519577245,0.2425634547824451
2,fold_honest,4,1223,0.48156237914713995,0.8742927235993081,0.6034074620491046,0.7178271375786589
2,fold_honest,4,748,0.3391006927166909,0.9231284257934467,0.1812783828428685,0.10096553554541637
2,fold_honest,4,1087,0.3407609879144061,0.7723970380813663,0.4447646016856105,0.6112704470222674
2,fold_honest,4,2136,0.7032048221569442,0.8507906606749444,0.8261401072329823,0.9446950392495861
2,fold_honest,4,2901,0.5871119699446837,0.9072254732300465,0.6821842504574974,0.914726888080845
2,fold_honest,4,2812,0.5677520498429658,0.8905877072416954,0.5413111462697329,0.8919461626061761
2,fold_honest,4,489,0.30345127997904403,0.7806535911365003,0.6056569862554838,0.8858750600944516
2,fold_honest,4,2406,0.4604456500389033,0.8044853767776805,0.7981533560574017,0.8893716266082969
2,fold_honest,4,2230,0.753875800636502,0.843299702415124,0.7941579942458443,0.9071161634245963
2,fold_honest,4,2474,0.764295466160473,0.9137571666856553,0.8236212309982095,0.9558184549511809
2,fold_honest,4,1750,0.5146597331592918,0.9156648149608149,0.7369511774663899,0.6669923116022969
2,fold_honest,4,1250,0.2813693704667866,0.9163026348592676,0.7010558155627817,0.8082184975453633
2,fold_honest,4,2147,0.7013081676232847,0.8490421394767046,0.8458629462069698,0.96103793300263
2,fold_honest,4,640,0.36499739737300096,0.8535978767892574,0.12150746068607765,0.06529448228606531
2,fold_honest,4,472,0.3787900902640772,0.9967417718239167,0.11862339790389584,0.14095362147418203
2,fold_honest,4,2626,0.7694859270253503,0.8798608171613413,0.8136010605495005,0.9117006006934537
2,fold_honest,4,413,0.2711654960661022,0.9930845971364167,0.1658775394419963,0.18167513350398418
2,fold_honest,4,622,0.38543681796764595,0.5586339023611057,0.5485767964796372,0.8305921191842609
2,fold_honest,4,2482,0.6499709686471092,0.8564073176297528,0.7547512751533555,0.9533664895796541
2,fold_honest,4,653,0.32088366304097526,0.9939400334236668,0.14177691909605286,0.17535278188405554
2,fold_honest,4,1219,0.36916637744805636,0.8617889547087396,0.6792807630554306,0.8001463413594898
2,fold_honest,4,2203,0.6536676669493318,0.8443779479681994,0.8564040939447147,0.9249637828013095
2,fold_honest,4,2133,0.7570445521156142,0.8247205557020104,0.7947356654984439,0.9171342374727236
2,fold_honest,4,1286,0.5783164429636339,0.8174786253800207,0.49843274268641835,0.7416890523878575
2,fold_honest,4,717,0.3639012924074766,0.8952396698771234,0.21823403270210123,0.18268913145733012
2,fold_honest,4,2541,0.5860022716622143,0.933619614976829,0.6894299625217135,0.9244751457231267
2,fold_honest,4,578,0.573258676540792,0.9397369273641261,0.17485421801178078,0.0892982061455787
2,fold_honest,4,2505,0.7240537684096015,0.9242227305144389,0.7774252527920833,0.9572642648079414
2,fold_honest,4,2793,0.4116955181029602,0.7758105963065257,0.4801240160102643,0.8638778361886841
2,fold_honest,4,1150,0.44756104502121896,0.9407093289827367,0.603354901908683,0.8184996070162088
2,fold_honest,4,2135,0.750207895523517,0.8395917717412625,0.8211965933014468,0.9230253494882775
2,fold_honest,4,2479,0.6478283817212249,0.8002873015116629,0.8451175819714174,0.9693770457560444
2,fold_honest,4,1184,0.22668862658113598,0.8980531085636562,0.6877546727577728,0.8112499464032411
2,fold_honest,4,2506,0.7170304112309799,0.9190560577494302,0.7703868991110892,0.954438550352613
2,fold_honest,4,2403,0.6581420077412503,0.8151106597534654,0.7503995419235195,0.912464826278999
2,fold_honest,4,1010,0.5096990238579361,0.9144947440351587,0.41705159103938577,0.4798892331449196
2,fold_honest,4,341,0.3150951366382918,0.9931501056333737,0.15906246962490236,0.14908421951771078
2,fold_honest,4,69,0.35844189057314335,0.9625177016892774,0.21968192689575738,0.19656595776199987
2,fold_honest,4,659,0.35735146935380446,0.994958537387215,0.14176466473657698,0.3509842582651038
2,fold_honest,4,470,0.4042779567435548,0.9937307770204807,0.10535052895387968,0.13488006601292746
2,fold_honest,4,2534,0.7473859324277977,0.8576785479259454,0.7438343194626955,0.9318669400913213
2,fold_honest,4,2398,0.7069784522244269,0.8342040538569859,0.7355583376175135,0.9365620141711124
2,fold_honest,4,658,0.4103182270052031,0.9230388489020845,0.11806894194947115,0.07752103656628383
2,fold_leaky,0,1233,0.5554318658313214,0.9797779652052464,0.8910210184676916,0.9536690587446341
2,fold_leaky,0,693,0.40265061774936134,0.9744796126882537,0.07083807118760888,0.18493349322514924
2,fold_leaky,0,2794,0.6799510941414248,0.969913572391937,0.24029878167657076,0.8018709623661102
2,fold_leaky,0,199,0.36816345693734215,0.9216628201722822,0.19350483744874136,0.25440521604647004
2,fold_leaky,0,2914,0.6991607260317731,0.9223741642169759,0.2922782267325639,0.8331826346515373
2,fold_leaky,0,1069,0.6553209686345345,0.9644008198733992,0.8762868503346203,0.9347457437020518
2,fold_leaky,0,391,0.23967185804205507,0.6954711861124414,0.0567177995648382,0.04895896745052151
2,fold_leaky,0,1262,0.39562387450997466,0.9747521143812895,0.8362019507176415,0.8738983941646958
2,fold_leaky,0,2689,0.6966202257139303,0.9623961339871596,0.7158053912571631,0.9802746203156635
2,fold_leaky,0,1107,0.5690954056424706,0.9767937154452108,0.8674534237195205,0.9550026435540439
2,fold_leaky,0,366,0.4164102884589775,0.9813888634802128,0.18378847477793084,0.19982932264700107
2,fold_leaky,0,1388,0.4536465838930465,0.8736979606352291,0.754129468681343,0.8787466389321894
2,fold_leaky,0,938,0.5815122194828143,0.8196900789756613,0.7434672235763081,0.6329347155714996
2,fold_leaky,0,825,0.3560342690408867,0.43918280347817035,0.35265462425785676,0.44073935410207404
2,fold_leaky,0,2897,0.5892095828526273,0.9660066567617944,0.23960154886818988,0.7842895048429919
2,fold_leaky,0,201,0.36146658466034803,0.990140896851235,0.24929374060326265,0.6647154144450965
2,fold_leaky,0,1317,0.45975552557145566,0.9462270088468878,0.544348639183338,0.3786340581742591
2,fold_leaky,0,704,0.3276143971636383,0.9793476996876832,0.08111687991987886,0.5680994740273028
2,fold_leaky,0,113,0.4014844912022936,0.9948873955955995,0.25350163522582114,0.5126938041734952
2,fold_leaky,0,2404,0.7800669921603652,0.8934214042828714,0.8167631093849789,0.9334858063565644
2,fold_leaky,0,2085,0.7875343609057195,0.8775549749018179,0.6611573621523757,0.9051961809983573
2,fold_leaky,0,1897,0.6363562352338221,0.8918664122574393,0.8660101100032656,0.9334612738825762
2,fold_leaky,0,2922,0.6543198822509279,0.961974728576915,0.5217581961674579,0.9283877717959457
2,fold_leaky,0,2087,0.7383167075126299,0.8901064623734077,0.819084801243105,0.9657213711357978
2,fold_leaky,0,1685,0.6397161964372831,0.966813814474688,0.9316552215046725,0.970894987520296
2,fold_leaky,0,2376,0.7627374652134045,0.9715429701063096,0.7440122233879543,0.9450181047663767
2,fold_leaky,0,1215,0.6996728399369334,0.9389703024454339,0.867780868503341,0.9359793196591473
2,fold_leaky,0,1973,0.6721524434664278,0.8991700968870238,0.8804116814138311,0.9515184037445579
2,fold_leaky,0,2555,0.7902444009930467,0.9661937124079226,0.7734216006962127,0.9526884722872638
2,fold_leaky,0,1047,0.5219106828739388,0.930599883681624,0.8356496161847776,0.9358346245301488
2,fold_leaky,0,2773,0.6547211156884798,0.8321992378020826,0.20072830832021057,0.8582383491359032
2,fold_leaky,0,2945,0.6853049985930201,0.9531407133730756,0.5777309181023751,0.9025868473720631
2,fold_leaky,0,602,0.3807945645890052,0.8892815171275288,0.05650628310078381,0.08476507881526658
2,fold_leaky,0,1503,0.5467022521509218,0.9507699881410654,0.8940046391288313,0.9387979174332161
2,fold_leaky,0,748,0.450168507659142,0.9736105119678837,0.6278501857863265,0.8991262208134629
2,fold_leaky,0,2949,0.518760931924014,0.9183773440397963,0.13152460434102234,0.8302338032784862
2,fold_leaky,0,265,0.25165574407870106,0.8694133467767957,0.06560317877971769,0.13824393473371357
2,fold_leaky,0,2627,0.802827716936899,0.9405874303483871,0.6753506726372693,0.9205003234543552
2,fold_leaky,0,725,0.6826786268716297,0.8869507506965513,0.7386043087706416,0.8371194545215243
2,fold_leaky,0,2941,0.6195308116065072,0.9174749511199035,0.5089027264413224,0.9068057769909501
2,fold_leaky,0,2655,0.7084802864356993,0.9340690683085847,0.8179064287141212,0.9746658170253646
2,fold_leaky,0,20,0.20767704813687837,0.9918888517078107,0.05728494407835848,0.1123701385986444
2,fold_leaky,0,2760,0.5049686427940899,0.7627690355823559,0.24221713044140158,0.8340826687484396
2,fold_leaky,0,2001,0.7278596511145112,0.9413918423067245,0.7790858719221136,0.9616140195932381
2,fold_leaky,0,1334,0.6701022333985822,0.9754882244291069,0.8338339152408536,0.8784808911162202
2,fold_leaky,0,866,0.23181123381755822,0.8909767218033916,0.3570656926538653,0.8532327325392173
2,fold_leaky,0,2061,0.8040856359234287,0.9031301159702706,0.8984279645279013,0.9730964279585109
2,fold_leaky,0,2771,0.46881693262221974,0.952294088044793,0.46416185934296145,0.7990423496474028
2,fold_leaky,0,411,0.4731821962442173,0.980925978946604,0.15340682430697988,0.2584569016451459
2,fold_leaky,0,1399,0.586999010948621,0.9485099152091663,0.7832212386206173,0.7391893010424944
2,fold_leaky,1,1883,0.4428020479256015,0.7756123518148361,0.6138637016909864,0.7681076910877742
2,fold_leaky,1,1216,0.5678924797886832,0.9487580923406331,0.9195892786374313,0.9192890268916796
2,fold_leaky,1,2694,0.7242855359491303,0.9328565394627025,0.6312943735618468,0.8051132826717827
2,fold_leaky,1,1959,0.7289017105423988,0.9262493139273031,0.7858987377335234,0.8350787137026842
2,fold_leaky,1,296,0.5947609469116362,0.8449815756751803,0.29231506357075193,0.2136860965732996
2,fold_leaky,1,84,0.6340711606845819,0.9797845397652981,0.2441405365715749,0.49229698462503235
2,fold_leaky,1,1955,0.7580485546347276,0.8798344188372187,0.8335605491325735,0.844896108777457
2,fold_leaky,1,491,0.23468718509371797,0.7277207203424412,0.24810319179366108,0.682078202017488
2,fold_leaky,1,2867,0.5434235835118857,0.9716905289459071,0.23271656187256556,0.8168182788560482
2,fold_leaky,1,529,0.4589978760353062,0.6585966916490532,0.12218441518260598,0.26202429465648697
2,fold_leaky,1,589,0.49851224252749804,0.8858503700478706,0.16877269567725753,0.2520061423433339
2,fold_leaky,1,2629,0.6707875818377645,0.9616168022835246,0.6706682782363603,0.8980199367031264
2,fold_leaky,1,1127,0.3478926854844832,0.9485010744633192,0.8527886899941297,0.7985480715299729
2,fold_leaky,1,2336,0.5567396209481391,0.9118404676671478,0.7970514619373716,0.905765358820125
2,fold_leaky,1,1431,0.27235352229934284,0.9557797641776103,0.559125553573629,0.7510211613339287
2,fold_leaky,1,3028,0.23738724481711182,0.9364040668594071,0.6064801585862926,0.9466699802557871
2,fold_leaky,1,184,0.4667471025325596,0.947389559181198,0.17315295341867734,0.18666755518323935
2,fold_leaky,1,2910,0.5602371552377008,0.8550540888200905,0.44405410656698374,0.8330563263675408
2,fold_leaky,1,1243,0.3607426148510244,0.9250170831456875,0.8947297333928576,0.8268112902237311
2,fold_leaky,1,519,0.6405245447317517,0.915944224231216,0.06705703077746801,0.2219635923366343
2,fold_leaky,1,3015,0.5678608047188501,0.925963459967645,0.3716095985832259,0.7767415307165239
2,fold_leaky,1,2089,0.6956311458257283,0.940803763518414,0.8605178133263823,0.8850519416778947
2,fold_leaky,1,1753,0.21881136393747103,0.9699829049284893,0.817636821710039,0.7545980252325535
2,fold_leaky,1,685,0.4415043228702639,0.872907353108345,0.13358057682964908,0.20583479252494802
2,fold_leaky,1,2186,0.5392589643104619,0.9063199494112453,0.853005836345968,0.8968371181845027
2,fold_leaky,1,722,0.4664414846990755,0.6399031524090658,0.6910906412255029,0.7075111035872916
2,fold_leaky,1,2206,0.518829193324378,0.9398228017463616,0.8531206683410162,0.8914136792413121
2,fold_leaky,1,70,0.655165513888909,0.9406523008103843,0.25998031622724255,0.324970150037968
2,fold_leaky,1,1890,0.4565949492503672,0.9764462342189996,0.6095346809567989,0.8955821010357775
2,fold_leaky,1,269,0.5726121816604769,0.9698624223623928,0.23014665967060197,0.478953250752446
2,fold_leaky,1,1217,0.39152848407506174,0.9308674919860893,0.9128954757494395,0.9078669119364944
2,fold_leaky,1,1222,0.1996101011921995,0.9558017516606108,0.8713780679046271,0.9217649004041997
2,fold_leaky,1,771,0.48112348059136395,0.9237833260843644,0.5028546316132225,0.8694870818141439
2,fold_leaky,1,728,0.5746844977631034,0.7685425220403644,0.48526107912766747,0.6671015919187363
2,fold_leaky,1,2492,0.6179658029981584,0.9559555460855707,0.718727376907161,0.8230149250225716
2,fold_leaky,1,2312,0.5124171269556855,0.9866667768362036,0.8533704360918504,0.9571765746175293
2,fold_leaky,1,2278,0.6345740251679078,0.9770373125460797,0.8842047533775889,0.9011323409379528
2,fold_leaky,1,2557,0.6230698813166355,0.9758474780258494,0.8474685066731229,0.9030084359716167
2,fold_leaky,1,1843,0.6958678442852961,0.8953234880710643,0.8881210643852758,0.849895608340561
2,fold_leaky,1,2215,0.7070603923556128,0.8925735961176022,0.8819847813301378,0.831649688938193
2,fold_leaky,1,649,0.43686561733237783,0.9801779827423756,0.15255550613029317,0.35308526367522547
2,fold_leaky,1,2764,0.6545749794702493,0.9395533016771767,0.0963483636501873,0.7617924413115156
2,fold_leaky,1,1905,0.692318029256243,0.8906248288424519,0.8649764504754079,0.8736322975443671
2,fold_leaky,1,1940,0.6667701938202633,0.8984818540567566,0.8304394882348156,0.8127509593902447
2,fold_leaky,1,2681,0.6304598202601037,0.9129378854149205,0.7108722115856149,0.8597274947322298
2,fold_leaky,1,1662,0.25985077606681595,0.9732346098884292,0.8853249831091878,0.7899976572062231
2,fold_leaky,1,2974,0.7037970305982341,0.983466860536505,0.47177233736384755,0.8896960885340006
2,fold_leaky,1,2556,0.6736690090768447,0.9193634452400445,0.7736189512836471,0.8892278197240465
2,fold_leaky,1,352,0.5805723177327309,0.8554466095953771,0.20582245941640934,0.20115890994547583
2,fold_leaky,1,828,0.5491816881742347,0.9709279598087328,0.3195169815549815,0.8851296085833421
2,fold_leaky,2,13,0.33358161152879184,0.9976113020710894,0.19814302015242433,0.641632745032049
2,fold_leaky,2,1751,0.4003342602745575,0.9786789556466309,0.8120808811948577,0.9240806575244463
2,fold_leaky,2,2953,0.6033547261660938,0.9534895779019725,0.49970108484677095,0.8605586523297053
2,fold_leaky,2,2010,0.8614701653963753,0.8961375572336173,0.8599530981749068,0.9372085318383905
2,fold_leaky,2,2014,0.7572825725168959,0.985570542223286,0.7084854645868384,0.9654235285528632
2,fold_leaky,2,1214,0.45032219060670525,0.9425330360441432,0.8522747769614453,0.9673099721442168
2,fold_leaky,2,1705,0.28863074424886265,0.9764275000589824,0.7542500036723475,0.932870710868512
2,fold_leaky,2,472,0.37032180603733766,0.936460229722909,0.09282245201484329,0.1347924892360592
2,fold_leaky,2,415,0.2775994653230574,0.949910874961405,0.11505171937972833,0.09987957461341967
2,fold_leaky,2,2301,0.8479225695244874,0.9765119577772268,0.8911998898707978,0.9019674947431872
2,fold_leaky,2,2734,0.6858097944576151,0.9371704123771692,0.5014780041671415,0.8675210485742689
2,fold_leaky,2,914,0.5105925916700935,0.9580076708540329,0.3771437818679854,0.6674877931096601
2,fold_leaky,2,2120,0.8823255575297646,0.8851876973175403,0.6470136718428932,0.9454962657990258
2,fold_leaky,2,315,0.20987130148509722,0.9398185493714385,0.10134776115599528,0.09145347825160943
2,fold_leaky,2,133,0.32212960856761164,0.9990490885339772,0.19851482705721257,0.7213389111881154
2,fold_leaky,2,2958,0.8522857992983499,0.9563810218729041,0.7207687944839043,0.9287282465523518
2,fold_leaky,2,2738,0.7764666490518127,0.9605487228248848,0.780880272268479,0.9158638389751418
2,fold_leaky,2,2357,0.9115974100066672,0.9380435373049648,0.842015377359883,0.9342278034832537
2,fold_leaky,2,191,0.3042131150744223,0.9942468656868466,0.09166342369978653,0.27552763824652565
2,fold_leaky,2,2036,0.8290879335967177,0.8278702309187942,0.8623862966208491,0.9254582500654244
2,fold_leaky,2,2076,0.8871681975980041,0.9227741483927999,0.909161167341636,0.9031029801230107
2,fold_leaky,2,2552,0.8539543208875219,0.915463204253869,0.6564822947280957,0.8924761093203787
2,fold_leaky,2,533,0.39353790890490176,0.9844071810901147,0.07889057827222652,0.3852575370694133
2,fold_leaky,2,2020,0.5925265376104758,0.8735695400146698,0.835976372295943,0.7937106694845002
2,fold_leaky,2,1194,0.5262473428257199,0.968783213334082,0.8676403185164994,0.9671985203642587
2,fold_leaky,2,2950,0.7035685813170857,0.8931143638094036,0.44515955575108673,0.8978007457798765
2,fold_leaky,2,2587,0.8507382684394394,0.9367750231253829,0.8037312435454271,0.8919878201529488
2,fold_leaky,2,2623,0.8642523993479032,0.9257711278736753,0.711821699945009,0.9213197867229238
2,fold_leaky,2,2647,0.8917735339372836,0.9605478238568603,0.7718846644346165,0.9434760719696915
2,fold_leaky,2,987,0.363140722193321,0.9772648116257707,0.7315906776039272,0.9380722339847125
2,fold_leaky,2,640,0.4625123420808041,0.8215826363240402,0.05151301984909767,0.04713798997498052
2,fold_leaky,2,868,0.7170957594745252,0.8592133779572892,0.5972670332560724,0.8565642445918995
2,fold_leaky,2,313,0.2944883079721969,0.996381158753992,0.1292893246672418,0.2867421281142163
2,fold_leaky,2,192,0.3364351332276449,0.993861971544197,0.09175185763134713,0.3170252356941296
2,fold_leaky,2,1854,0.8524986682542866,0.883686955540075,0.8274400090390094,0.7568391888575837
2,fold_leaky,2,2160,0.8785297308753871,0.8514289534959599,0.8132857962164609,0.815020862885998
2,fold_leaky,2,508,0.40182591318146904,0.9783649935959647,0.07860585155979105,0.12481579646139707
2,fold_leaky,2,3035,0.716628860265292,0.8674054468862538,0.11026706360544082,0.6961726882742666
2,fold_leaky,2,1059,0.25890018380566604,0.9754286756910081,0.5817852621055826,0.8823011042888762
2,fold_leaky,2,1177,0.45137826505928463,0.9662710665511348,0.8605752102603033,0.9610065823119154
2,fold_leaky,2,2279,0.879217562348848,0.9518931477101358,0.8731413665785911,0.9316071812253521
2,fold_leaky,2,1395,0.37985909780741633,0.8571621426250501,0.554913083537439,0.7314153472650606
2,fold_leaky,2,1176,0.4224508661212226,0.9619844605461979,0.8599539905898178,0.9261470257829665
2,fold_leaky,2,1792,0.24134519270692367,0.9822741652843637,0.7385552378652892,0.8260260401650009
2,fold_leaky,2,2327,0.8811565476127576,0.9507777297510576,0.8982201438523089,0.9632000672703428
2,fold_leaky,2,3061,0.7606593031377996,0.9310105288795039,0.5344222625545273,0.8286444108326783
2,fold_leaky,2,1368,0.4457600479235763,0.98145260144505,0.7109986682082716,0.8086457861621855
2,fold_leaky,2,454,0.35249829556518564,0.9942343992820218,0.08027031891263933,0.290118237753149
2,fold_leaky,2,696,0.3653778636215399,0.8441925099171812,0.07074928335068577,0.08022566247868503
2,fold_leaky,2,1943,0.8376954565173946,0.9053365293280246,0.8375001284590808,0.9379854928042826
2,fold_leaky,3,101,0.5408759507257372,0.9635233305720137,0.1825486647248166,0.15202357076954548
2,fold_leaky,3,2879,0.599380169298419,0.9653577031235078,0.29722085554697386,0.9394317155071934
2,fold_leaky,3,2128,0.7502526211188821,0.9236893151181141,0.8595878276284973,0.9350466662483309
2,fold_leaky,3,2411,0.25682450078034447,0.9118702185045624,0.8050463164049411,0.9579177555837194
2,fold_leaky,3,1910,0.7869521584730045,0.9335801548081597,0.7035682250660065,0.9142207101050394
2,fold_leaky,3,2158,0.8095960144276674,0.8737338094426229,0.760176937389235,0.9100723855181988
2,fold_leaky,3,2268,0.6532004639139276,0.9571312199232681,0.8201294008960796,0.9510384483502855
2,fold_leaky,3,2291,0.4695204293134988,0.9891523608714532,0.9089047583081398,0.9816963725012955
2,fold_leaky,3,2473,0.7416040560483639,0.9912858437354752,0.8030476680213148,0.968342783341745
2,fold_leaky,3,2959,0.5779630600629797,0.9514413879802973,0.5237380758382865,0.8928591930164897
2,fold_leaky,3,264,0.4233702957958021,0.9531582226966061,0.10011682792808606,0.15916213698925952
2,fold_leaky,3,479,0.4819161677450935,0.9642699982814149,0.12680292864165588,0.0763787820063842
2,fold_leaky,3,652,0.5649849669877155,0.9608826510209058,0.10844928893619704,0.16990535820992136
2,fold_leaky,3,1204,0.7784812658836907,0.8410388025994489,0.7679326615963912,0.8101110748509516
2,fold_leaky,3,1349,0.46520728498610564,0.969019269588527,0.6955552640479719,0.7758726170577576
2,fold_leaky,3,1430,0.3461101075506066,0.93947874779851,0.5258531495171471,0.4151261181465757
2,fold_leaky,3,2977,0.8164007531868636,0.9452082463332252,0.7255177714966466,0.9105702499759251
2,fold_leaky,3,2261,0.7322073970726519,0.9743374309761507,0.7709948421736267,0.9439565468471431
2,fold_leaky,3,2213,0.5878716152017622,0.9792778256256609,0.7478346961932922,0.9645257663012635
2,fold_leaky,3,1712,0.3974422569060283,0.9550707327862442,0.8369548986927245,0.8504990202229833
2,fold_leaky,3,861,0.3212360478298381,0.8975910282757951,0.4442987223791329,0.9402949297444287
2,fold_leaky,3,2193,0.6173888719495153,0.8599692230042764,0.8229874591366864,0.9560765213266548
2,fold_leaky,3,1240,0.4256002957451844,0.9843581280568899,0.8270162763798666,0.8769772649262746
2,fold_leaky,3,1409,0.37344316346348116,0.9237760902555867,0.27199877925530164,0.41423368908682295
2,fold_leaky,3,2687,0.7704298541743346,0.9768155897380688,0.7406643520831605,0.9482634246108189
2,fold_leaky,3,1381,0.14593447379910665,0.8414583644997186,0.23630267042712408,0.1972755383489575
2,fold_leaky,3,1152,0.5118433053593974,0.9100359448455084,0.7209444346063182,0.6335828161135563
2,fold_leaky,3,121,0.5593132946158555,0.972705268443619,0.21696057524092552,0.277770309050427
2,fold_leaky,3,1473,0.5597761216607866,0.9211814582415581,0.7416697611387258,0.8151840199229345
2,fold_leaky,3,788,0.501868086886338,0.9564329392124652,0.746833957124701,0.9539341429089273
2,fold_leaky,3,922,0.4693009220535881,0.9417813248202984,0.6654222249267243,0.8125283313589646
2,fold_leaky,3,1535,0.5055601557117425,0.9718143917270937,0.575074258486132,0.6840465708465876
2,fold_leaky,3,302,0.5490935172235869,0.9739467915401755,0.14024659742062798,0.25921610261229944
2,fold_leaky,3,2532,0.7117586578016778,0.9799504264718759,0.7607107039728696,0.9498314059497455
2,fold_leaky,3,1329,0.48854360189104734,0.9257934936500459,0.6365532769313159,0.4887558130037493
2,fold_leaky,3,480,0.45274508070724556,0.9910600210613647,0.10872856706986087,0.15222486807197688
2,fold_leaky,3,2545,0.648050033040725,0.9739288753278706,0.8463611889580663,0.9703275069549243
2,fold_leaky,3,841,0.31972468763369966,0.8917333705003885,0.5246092098110537,0.9281750970504636
2,fold_leaky,3,229,0.14845270830348492,0.8201964934592906,0.2518035826264056,0.21901846868541375
2,fold_leaky,3,639,0.49057435755212836,0.6211945985711764,0.1069451182793273,0.05117900382832404
2,fold_leaky,3,2831,0.5455003768803756,0.9904033788337315,0.7046100521562336,0.9265085515228804
2,fold_leaky,3,1606,0.4501096975611884,0.8864185363072093,0.6425840417529,0.6886722760498333
2,fold_leaky,3,2779,0.8090019163067395,0.9858758362920061,0.7510061386191019,0.9354659118119398
2,fold_leaky,3,2333,0.6712243128954005,0.991960057839086,0.8603838736438477,0.9772500921413778
2,fold_leaky,3,1283,0.4631407490274536,0.9604897811433909,0.5920295606528252,0.7152641118267712
2,fold_leaky,3,577,0.397231261693749,0.7237687907799396,0.08479424024480235,0.1227621012914119
2,fold_leaky,3,1491,0.46336169246176134,0.9623204928873896,0.7081826184038786,0.9079868964659649
2,fold_leaky,3,1333,0.5306513639438983,0.9882602092764834,0.6571017230156457,0.6357818146233865
2,fold_leaky,3,2167,0.5397164946524735,0.8757759970102021,0.7909220834809109,0.9179467145265651
2,fold_leaky,3,1950,0.7095593828696054,0.9864450504537672,0.6562241908211536,0.9429271009712651
2,fold_leaky,4,321,0.2780574939995636,0.9399472417972734,0.12335809188449758,0.11742366229937404
2,fold_leaky,4,2254,0.6748502864223211,0.9724727919763572,0.6600381493448442,0.9007186041598455
2,fold_leaky,4,1937,0.717722274656455,0.9108254752788284,0.6618289210535443,0.8263991756390837
2,fold_leaky,4,2138,0.550168413707478,0.8685592649734255,0.7377518100654517,0.9228616729681617
2,fold_leaky,4,2833,0.6000567073743714,0.9604242080089053,0.15238549974934099,0.8689838110377811
2,fold_leaky,4,1626,0.23474929545691525,0.9046878422823098,0.9153281392230253,0.5458281841705203
2,fold_leaky,4,991,0.6136610919321004,0.9424036340948376,0.9223370086591767,0.815254498062874
2,fold_leaky,4,705,0.5477902447342711,0.9959749574606706,0.09339372431966285,0.47117475477375126
2,fold_leaky,4,1665,0.45200831914590545,0.9164349005191719,0.9114702283713624,0.66760140801281
2,fold_leaky,4,925,0.5692124752279095,0.9401316565386619,0.9154692313310748,0.8934048165653936
2,fold_leaky,4,341,0.4229328295979792,0.9880680064575709,0.11520630688035602,0.31942551111168704
2,fold_leaky,4,1822,0.25659849644350236,0.9691445222255128,0.8752996678706448,0.48671434910840833
2,fold_leaky,4,154,0.38838729082116125,0.9549768898179946,0.11110487724870055,0.5095190795314289
2,fold_leaky,4,803,0.6152305250835357,0.878573331718181,0.3418254430544781,0.872627544991627
2,fold_leaky,4,730,0.5251723498323391,0.7274973468572673,0.4057374931390787,0.6169855209626971
2,fold_leaky,4,1358,0.47615037598274174,0.9243890422797876,0.9016912804134856,0.8641381851327369
2,fold_leaky,4,1142,0.47923157131239985,0.9514602448622583,0.9197697561490825,0.8472443258518125
2,fold_leaky,4,542,0.2850854703785296,0.9909774148955525,0.0727080305336576,0.15869036937520112
2,fold_leaky,4,2203,0.5736904387001176,0.9350818225107755,0.6868598474924956,0.8946659879813005
2,fold_leaky,4,289,0.4536145323170563,0.9965503041451911,0.15162765079003296,0.45773730720797257
2,fold_leaky,4,567,0.4576621957189208,0.9931270815669655,0.08340424820777784,0.1860095009830488
2,fold_leaky,4,1562,0.4067100693088035,0.9798981111796041,0.8284114771368153,0.8312151993432424
2,fold_leaky,4,198,0.30370712207513856,0.9878928000321232,0.07305934413979026,0.20309807501043725
2,fold_leaky,4,1775,0.33248139977171826,0.9396798586816175,0.8339719667042398,0.8484164991354266
2,fold_leaky,4,2646,0.686929210411665,0.9488025510455577,0.6185041579527173,0.9061233994951328
2,fold_leaky,4,1932,0.7397650832111937,0.8726022517607352,0.5695497907878717,0.6439663370464196
2,fold_leaky,4,3059,0.63360658068179,0.9656853620749921,0.34067136872567516,0.9065961542091455
2,fold_leaky,4,2500,0.5936541778709007,0.9204558129202602,0.6592520771682386,0.9156875203076124
2,fold_leaky,4,223,0.3597157491146521,0.9988729479919872,0.16932652089450798,0.6080986903448784
2,fold_leaky,4,1101,0.4253426084077528,0.9660541132182757,0.8956079119626357,0.8289965313653775
2,fold_leaky,4,2170,0.39555807771325724,0.8190286500709535,0.7818964183026431,0.8032959476196474
2,fold_leaky,4,2370,0.6092821105584688,0.8981510569085783,0.6547044969926474,0.7843852050231808
2,fold_leaky,4,2377,0.5903058496353748,0.8731011292702346,0.7093189127953503,0.8965885025901691
2,fold_leaky,4,2846,0.4899992680773127,0.9602213072322063,0.4101461881165255,0.922971739658221
2,fold_leaky,4,426,0.38751048066062926,0.993060028918173,0.09435202021253346,0.44775728708993157
2,fold_leaky,4,91,0.4691653843049663,0.9967207017768059,0.2761467769311394,0.9298017746269969
2,fold_leaky,4,2280,0.7142825841040074,0.9044366977819034,0.7733064172159861,0.9029423662898491
2,fold_leaky,4,1187,0.15498389846322183,0.9648577815838804,0.842758481367016,0.592736848618132
2,fold_leaky,4,598,0.5264363691717985,0.8458853663443956,0.20637263008140916,0.8096769772513356
2,fold_leaky,4,1272,0.3989708582029918,0.9265569242237762,0.9088855696003408,0.7709864339332705
2,fold_leaky,4,74,0.49811800960237534,0.996327811644213,0.14577263656295203,0.48199724212062556
2,fold_leaky,4,2999,0.607950339472154,0.9475065697886155,0.2838854362350076,0.8451898586431432
2,fold_leaky,4,1251,0.2934231825528681,0.9331998004838207,0.9026395600213081,0.9141022387490494
2,fold_leaky,4,284,0.23747682066593312,0.9159979770382943,0.08118928769110834,0.09531429123894575
2,fold_leaky,4,1286,0.5691683829016033,0.8550557217368266,0.7913949671721119,0.7824067878881374
2,fold_leaky,4,1448,0.4941977476629866,0.7270651181423239,0.680916450269418,0.589441930044832
2,fold_leaky,4,1105,0.24180823254187553,0.9015115571056245,0.8825517352634793,0.7870669821277261
2,fold_leaky,4,1324,0.5426038164171455,0.9330954355982427,0.9384402913915715,0.8935088520080839
2,fold_leaky,4,1350,0.4049568881952781,0.979088796896632,0.9022722586054516,0.904310263797275
2,fold_leaky,4,2127,0.6730734233991528,0.9097939383640068,0.7878978287501793,0.7728322696674862
